date,spot,put_wall,call_wall,pcr_oi,pcr_vol,atm_iv,gex_total_bn,gamma_flip,dex_total_bn,pcr_dollar,vrp21,iv_backwardation,max_pain_near,occ_customer_pcr,occ_firm_share
2026-04-22,55.51,50.0,60.0,0.71,,,,,,,,,54.0,,
2026-04-23,51.44,50.0,55.0,0.716,,,,,,,,,54.0,,
2026-04-24,52.12,50.0,55.0,0.69,,,,,,,,,52.0,,
2026-04-27,52.68,50.0,60.0,0.723,,,,,,,,,52.0,,
2026-04-28,51.1,50.0,55.0,0.712,,,,,,,,,52.0,,
2026-04-29,50.02,50.0,55.0,0.706,,,,,,,,,51.0,,
2026-04-30,55.48,50.0,60.0,0.701,,,,,,,,,51.0,,
2026-05-01,55.0,50.0,60.0,0.705,,,,,,,,,52.0,,
2026-05-04,55.81,50.0,60.0,0.734,,,,,,,,,52.0,,
2026-05-05,54.07,50.0,60.0,0.723,,,,,,,,,53.0,,
2026-05-06,53.5,50.0,60.0,0.716,,,,,,,,,54.0,,
2026-05-07,49.47,45.0,50.0,0.727,,,,,,,,,53.0,,
2026-05-08,49.86,45.0,50.0,0.735,,,,,,,,,51.0,,
2026-05-11,48.46,45.0,50.0,0.741,,,,,,,,,50.0,,
2026-05-12,46.95,45.0,50.0,0.747,,,,,,,,,50.0,,
2026-05-13,45.9,45.0,50.0,0.738,,,,,,,,,50.0,,
2026-05-14,45.48,45.0,50.0,0.733,,,,,,,,,50.0,,
2026-05-15,43.93,40.0,50.0,0.721,,,,,,,,,48.0,,
2026-05-18,43.62,40.0,50.0,0.844,,,,,,,,,47.0,,
2026-05-19,45.53,45.0,50.0,0.83,,,,,,,,,46.5,,
2026-05-20,45.88,45.0,50.0,0.772,,,,,,,,,45.5,,
2026-05-21,46.49,45.0,50.0,0.755,,,,,,,,,45.5,,
2026-05-22,46.18,45.0,50.0,0.687,,,,,,,,,46.0,,
2026-05-26,46.66,45.0,50.0,0.696,,,,,,,,,46.0,,
2026-05-27,47.17,45.0,50.0,0.673,,,,,,,,,46.0,,
2026-05-28,51.29,45.0,55.0,0.673,,,,,,,,,46.0,,
2026-05-29,50.47,45.0,55.0,0.595,,,,,,,,,47.5,,
2026-06-01,52.8,45.0,60.0,0.603,,,,,,,,,48.0,,
2026-06-02,49.62,45.0,50.0,0.581,,,,,,,,,50.0,,
2026-06-03,47.51,45.0,50.0,0.59,,,,,,,,,50.0,,
2026-06-04,52.26,45.0,60.0,0.581,,,,,,,,,49.5,,
2026-06-05,46.43,45.0,50.0,0.517,,,,,,,,,49.5,,
2026-06-08,48.59,45.0,50.0,0.542,,,,,,,,,48.0,,
2026-06-09,48.82,45.0,50.0,0.531,,,,,,,,,48.0,,
2026-06-10,49.48,45.0,50.0,0.52,,,,,,,,,48.0,,
2026-06-11,49.59,45.0,50.0,0.513,,,,,,,,,48.5,,
2026-06-12,47.82,45.0,50.0,0.517,,,,,,,,,50.0,,
2026-06-15,52.32,45.0,60.0,0.528,,,,,,,,,50.0,,
2026-06-16,50.56,45.0,55.0,0.496,,,,,,,,,50.0,,
2026-06-17,48.79,45.0,50.0,0.476,,,,,,,,,50.0,,
2026-06-18,50.84,45.0,55.0,0.475,,,,,,,,,50.0,,
2026-06-22,47.85,45.0,50.0,0.514,,,,,,,,,50.0,,
2026-06-23,48.61,45.0,50.0,0.531,,,,,,,,,50.0,,
2026-06-24,51.94,45.0,55.0,0.521,,,,,,,,,50.0,,
2026-06-25,54.87,50.0,60.0,0.513,,,,,,,,,50.0,,
2026-06-26,56.14,50.0,60.0,0.478,,,,,,,,,50.0,,
2026-06-29,58.31,50.0,60.0,0.481,,,,,,,,,52.0,,
2026-06-30,57.93,50.0,60.0,0.445,,,,,,,,,52.0,,
2026-07-01,61.6,60.0,65.0,0.457,,,,,,,,,52.0,,
2026-07-02,60.27,60.0,65.0,0.459,,,,,,,,,54.0,,
2026-07-06,60.7,60.0,65.0,0.482,,,,,,,,,55.0,,
2026-07-07,60.09,60.0,65.0,0.476,,,,,,,,,56.0,,
2026-07-08,57.27,50.0,60.0,0.474,,,,,,,,,56.0,,
2026-07-09,61.5,55.0,70.0,0.479,,,,,,,,,57.0,,
2026-07-10,58.23,50.0,60.0,0.478,,,,,,,,,52.0,,
2026-07-13,55.93,50.0,60.0,0.471,,,,,,,,,54.0,,
2026-07-14,58.67,50.0,60.0,0.471,,,,,,,,,54.0,,
2026-07-15,57.25,50.0,60.0,0.467,,,,,,,,,54.0,,
2026-07-16,53.59,50.0,60.0,0.474,,,,,,,,,54.0,,
2026-07-17,52.47,45.0,60.0,0.481,,,,,,,,,54.0,,
2026-07-20,48.41,45.0,50.0,0.46,,,,,,,,,53.0,,
2026-07-21,48.98,45.0,50.0,0.516,,,,,,,,,50.0,,
2026-07-22,46.96,45.0,50.0,0.511,,,,,,,,,50.0,,
2026-07-23,46.01,45.0,50.0,0.524,,,,,,,,,49.0,,
2026-07-24,42.69,40.0,45.0,0.501,,,,,,,,,55.0,,
2026-07-27,42.91,40.0,45.0,0.516,,,,,,,,,47.5,,
2026-07-28,42.9,40.0,45.0,0.519,,,,,,,,,46.0,,
2026-07-29,41.55,40.0,45.0,0.517,,,,,,,,,45.0,,
2026-07-30,43.87,40.0,50.0,0.496,0.807,0.6333,-0.0,,0.05,1.354,-0.0258,-0.097,46.0,0.334,0.0782
2026-07-31,46.05,45.0,50.0,0.504,0.28,0.6118,-0.0,,0.02,0.618,-0.0837,-0.1121,44.5,0.627,0.0231
2026-08-03,47.05,40.0,50.0,0.491,0.359,0.7615,-0.0,,0.0,0.594,0.059,0.0321,45.0,0.227,0.0679
2026-08-04,46.7,40.0,50.0,0.492,0.858,0.567,-0.0,48.61,0.0,1.389,-0.1356,-0.0819,45.0,0.284,0.0573
2026-08-05,46.12,40.0,50.0,0.502,0.921,0.5004,-0.0,47.62,0.02,1.704,-0.1899,-0.0464,45.0,0.722,0.083
2026-08-06,52.05,45.0,55.0,0.494,0.264,0.613,-0.0,53.53,-0.06,0.301,-0.167,-0.0653,46.0,0.688,0.1232
2026-08-07,55.06,50.0,60.0,0.484,0.204,0.5297,0.0,,-0.13,0.161,-0.2611,-0.1597,47.5,0.372,0.0436
2026-08-10,54.41,50.0,60.0,0.449,0.545,0.4957,0.0,,-0.13,0.432,-0.2841,-0.1667,49.0,0.2,0.0398
2026-08-11,54.61,50.0,60.0,0.398,0.535,0.6542,0.0,,-0.04,0.445,-0.1082,-0.0281,30.0,0.417,0.0612
2026-08-12,54.29,50.0,60.0,0.411,0.49,0.4467,0.0,,-0.03,0.436,-0.312,-0.1724,30.0,0.465,0.0143
2026-08-13,52.1,45.0,55.0,0.453,0.6,0.5408,0.0,51.5,-0.06,0.843,-0.1962,-0.1072,50.0,0.535,0.0116
2026-08-14,49.88,45.0,50.0,0.461,0.552,0.4704,-0.0,52.66,-0.02,0.775,-0.2782,-0.1832,50.0,0.544,0.0515
2026-08-17,49.36,45.0,50.0,0.461,0.5,0.5423,-0.0,51.91,-0.01,0.694,-0.1525,-0.0986,50.0,0.61,0.0123
2026-08-18,61.25,55.0,70.0,0.459,0.13,0.8184,0.0,,-0.24,0.038,-0.2005,0.0413,50.0,0.536,0.0317
2026-08-19,66.65,60.0,75.0,0.375,0.202,0.6684,0.01,,-0.49,0.093,-0.3622,-0.0359,52.0,0.14,0.0302
2026-08-20,72.69,65.0,75.0,0.394,0.224,0.8096,0.01,,-0.51,0.083,-0.2391,0.0254,54.0,0.242,0.0248
2026-08-21,66.17,65.0,75.0,0.417,0.556,0.7267,0.01,,-0.36,0.547,-0.346,-0.0342,57.0,0.313,0.0134
2026-08-24,68.73,65.0,75.0,0.42,0.514,0.8047,0.01,,-0.43,0.262,-0.268,0.0261,58.0,0.547,0.032
2026-08-25,68.48,65.0,75.0,0.428,0.725,0.7362,0.01,,-0.41,0.328,-0.3374,-0.0197,60.0,0.404,0.0167
2026-08-26,70.69,65.0,75.0,0.464,0.314,0.6009,0.01,,-0.46,0.203,-0.4547,-0.0964,60.0,0.675,0.0533
2026-08-27,63.05,55.0,70.0,0.478,0.869,0.5833,0.0,,-0.23,0.528,-0.5666,-0.1351,64.0,0.258,0.0207
2026-08-28,63.05,55.0,70.0,0.478,0.869,0.6235,0.0,,-0.23,0.528,-0.5071,-0.0997,64.0,0.313,0.0493
2026-08-31,62.27,55.0,70.0,0.514,1.143,0.7611,0.0,,-0.22,0.713,-0.368,0.0183,63.0,1.118,0.0365
2026-09-01,61.94,55.0,70.0,0.529,0.492,0.6862,0.0,,-0.21,0.556,-0.4446,-0.0398,63.0,0.704,0.0267
2026-09-02,64.42,55.0,70.0,0.522,0.607,0.6036,0.0,,-0.27,0.316,-0.5281,-0.1187,63.0,0.3,0.0154
