ticker,date,expiry,type,strike,oi,volume,iv,last,bid,ask,delta,gamma,underlying
AMZN,2026-07-28,2026-07-29,C,180.0,193,2,0.0,51.18,49.7,52.9,0.0,0.0,230.86
AMZN,2026-07-28,2026-07-29,C,185.0,57,20,0.0,46.71,43.8,47.9,0.0,0.0,230.86
AMZN,2026-07-28,2026-07-29,C,190.0,131,19,0.0,41.8,38.95,42.9,0.0,0.0,230.86
AMZN,2026-07-28,2026-07-29,C,195.0,163,20,0.0,36.77,33.85,37.9,0.0,0.0,230.86
AMZN,2026-07-28,2026-07-29,C,200.0,128,47,0.0,31.65,29.15,32.9,0.0,0.0,230.86
AMZN,2026-07-28,2026-07-29,C,205.0,63,108,0.0,26.75,23.95,27.65,0.0,0.0,230.86
AMZN,2026-07-28,2026-07-29,C,210.0,171,30,0.0,21.25,19.2,22.7,0.0,0.0,230.86
AMZN,2026-07-28,2026-07-29,C,212.5,76,236,0.0,17.15,17.65,20.25,0.0,0.0,230.86
AMZN,2026-07-28,2026-07-29,C,215.0,59,156,0.0,15.0,14.35,17.45,0.0,0.0,230.86
AMZN,2026-07-28,2026-07-29,C,217.5,40,149,0.0,13.75,12.35,14.3,0.0,0.0,230.86
AMZN,2026-07-28,2026-07-29,C,220.0,563,3793,0.0,11.2,10.35,11.1,0.0,0.0,230.86
AMZN,2026-07-28,2026-07-29,C,222.5,151,3384,0.0,8.3,7.45,8.8,0.0,0.0,230.86
AMZN,2026-07-28,2026-07-29,C,225.0,418,917,0.0,6.09,5.95,6.65,0.0,0.0,230.86
AMZN,2026-07-28,2026-07-29,C,227.5,650,1524,0.0,4.12,3.9,4.2,0.0,0.0,230.86
AMZN,2026-07-28,2026-07-29,C,230.0,1667,15548,0.0,2.34,2.33,2.42,0.0,0.0,230.86
AMZN,2026-07-28,2026-07-29,C,232.5,2144,20912,0.0,1.17,1.16,1.22,0.0,0.0,230.86
AMZN,2026-07-28,2026-07-29,C,235.0,4878,31578,0.0,0.49,0.47,0.51,0.0,0.0,230.86
AMZN,2026-07-28,2026-07-29,C,237.5,1772,10092,0.0,0.16,0.16,0.19,0.0,0.0,230.86
AMZN,2026-07-28,2026-07-29,C,240.0,4410,13990,0.0,0.06,0.06,0.07,0.0,0.0,230.86
AMZN,2026-07-28,2026-07-29,C,242.5,2618,4754,0.0,0.02,0.02,0.03,0.0,0.0,230.86
AMZN,2026-07-28,2026-07-29,C,245.0,4467,2027,0.0,0.02,0.01,0.02,0.0,0.0,230.86
AMZN,2026-07-28,2026-07-29,C,247.5,794,224,0.0,0.01,0.0,0.01,0.0,0.0,230.86
AMZN,2026-07-28,2026-07-29,C,250.0,3265,381,0.0,0.01,0.0,0.01,0.0,0.0,230.86
AMZN,2026-07-28,2026-07-29,C,252.5,236,81,0.0,0.01,0.0,0.01,0.0,0.0,230.86
AMZN,2026-07-28,2026-07-29,C,255.0,2858,4,0.0,0.01,0.0,0.01,0.0,0.0,230.86
AMZN,2026-07-28,2026-07-29,C,257.5,85,2,0.0,0.01,0.0,0.01,0.0,0.0,230.86
AMZN,2026-07-28,2026-07-29,C,260.0,848,7,0.0,0.01,0.0,0.01,0.0,0.0,230.86
AMZN,2026-07-28,2026-07-29,C,262.5,39,4,0.0,0.03,0.0,0.01,0.0,0.0,230.86
AMZN,2026-07-28,2026-07-29,C,265.0,802,0,0.0,0.01,0.0,0.01,0.0,0.0,230.86
AMZN,2026-07-28,2026-07-29,C,270.0,63,0,0.0,0.01,0.0,0.01,0.0,0.0,230.86
AMZN,2026-07-28,2026-07-29,C,275.0,28,4,0.0,0.19,0.0,0.15,0.0,0.0,230.86
AMZN,2026-07-28,2026-07-29,P,195.0,44,31,0.0,0.09,0.0,0.01,0.0,0.0,230.86
AMZN,2026-07-28,2026-07-29,P,200.0,46,63,0.0,0.02,0.0,0.02,0.0,0.0,230.86
AMZN,2026-07-28,2026-07-29,P,205.0,549,26,0.0,0.01,0.0,0.01,0.0,0.0,230.86
AMZN,2026-07-28,2026-07-29,P,210.0,841,101,0.0,0.02,0.0,0.03,0.0,0.0,230.86
AMZN,2026-07-28,2026-07-29,P,212.5,994,213,0.0,0.02,0.01,0.02,0.0,0.0,230.86
AMZN,2026-07-28,2026-07-29,P,215.0,2437,517,0.0,0.06,0.02,0.13,0.0,0.0,230.86
AMZN,2026-07-28,2026-07-29,P,217.5,778,567,0.0,0.04,0.04,0.05,0.0,0.0,230.86
AMZN,2026-07-28,2026-07-29,P,220.0,1664,1830,0.0,0.07,0.04,0.08,0.0,0.0,230.86
AMZN,2026-07-28,2026-07-29,P,222.5,642,3336,0.0,0.13,0.11,0.14,0.0,0.0,230.86
AMZN,2026-07-28,2026-07-29,P,225.0,2498,12844,0.0,0.28,0.26,0.29,0.0,0.0,230.86
AMZN,2026-07-28,2026-07-29,P,227.5,844,15784,0.0,0.64,0.64,0.67,0.0,0.0,230.86
AMZN,2026-07-28,2026-07-29,P,230.0,2306,12281,0.0,1.47,1.41,1.47,0.0,0.0,230.86
AMZN,2026-07-28,2026-07-29,P,232.5,818,4283,0.0,2.86,2.75,3.0,0.0,0.0,230.86
AMZN,2026-07-28,2026-07-29,P,235.0,810,615,0.0,4.55,3.65,4.85,0.0,0.0,230.86
AMZN,2026-07-28,2026-07-29,P,237.5,311,2251,0.0,6.45,6.45,7.05,0.0,0.0,230.86
AMZN,2026-07-28,2026-07-29,P,240.0,349,3889,0.0,9.34,8.05,9.75,0.0,0.0,230.86
AMZN,2026-07-28,2026-07-29,P,242.5,125,1364,0.0,11.6,11.4,12.0,0.0,0.0,230.86
AMZN,2026-07-28,2026-07-29,P,245.0,237,1627,0.0,14.49,12.95,14.75,0.0,0.0,230.86
AMZN,2026-07-28,2026-07-29,P,247.5,137,1660,0.0,16.56,15.8,17.25,0.0,0.0,230.86
AMZN,2026-07-28,2026-07-31,C,145.0,42,4,0.0,86.61,84.15,87.2,0.0,0.0,230.86
AMZN,2026-07-28,2026-07-31,C,150.0,49,9,0.0,81.64,79.55,82.85,0.0,0.0,230.86
AMZN,2026-07-28,2026-07-31,C,155.0,31,0,0.0,95.43,74.2,77.85,0.0,0.0,230.86
AMZN,2026-07-28,2026-07-31,C,160.0,45,18,0.0,70.72,69.6,72.9,0.0,0.0,230.86
AMZN,2026-07-28,2026-07-31,C,170.0,54,76,0.0,62.17,60.3,61.5,0.0,0.0,230.86
AMZN,2026-07-28,2026-07-31,C,175.0,37,20,0.0,53.71,55.65,56.55,0.0,0.0,230.86
AMZN,2026-07-28,2026-07-31,C,180.0,138,19,0.0,49.1,50.7,51.55,0.0,0.0,230.86
AMZN,2026-07-28,2026-07-31,C,185.0,306,22,0.0,43.64,45.75,46.65,0.0,0.0,230.86
AMZN,2026-07-28,2026-07-31,C,190.0,196,5,0.0,41.59,40.85,41.7,0.0,0.0,230.86
AMZN,2026-07-28,2026-07-31,C,195.0,348,8,0.0,36.55,36.0,36.85,0.0,0.0,230.86
AMZN,2026-07-28,2026-07-31,C,200.0,851,327,0.0,31.75,31.15,32.05,0.0,0.0,230.86
AMZN,2026-07-28,2026-07-31,C,205.0,433,224,0.0,27.24,26.6,27.4,0.0,0.0,230.86
AMZN,2026-07-28,2026-07-31,C,207.5,90,498,0.0,24.9,24.35,25.1,0.0,0.0,230.86
AMZN,2026-07-28,2026-07-31,C,210.0,410,43,0.0,22.39,22.15,22.9,0.0,0.0,230.86
AMZN,2026-07-28,2026-07-31,C,212.5,58,839,0.0,20.63,20.05,20.8,0.0,0.0,230.86
AMZN,2026-07-28,2026-07-31,C,215.0,326,836,0.0,18.35,18.0,18.5,0.0,0.0,230.86
AMZN,2026-07-28,2026-07-31,C,217.5,112,260,0.0,16.75,16.15,16.7,0.0,0.0,230.86
AMZN,2026-07-28,2026-07-31,C,220.0,571,576,0.0,14.53,14.35,14.9,0.0,0.0,230.86
AMZN,2026-07-28,2026-07-31,C,222.5,260,212,0.0,12.97,12.7,13.25,0.0,0.0,230.86
AMZN,2026-07-28,2026-07-31,C,225.0,1526,585,0.0,11.45,11.15,11.95,0.0,0.0,230.86
AMZN,2026-07-28,2026-07-31,C,227.5,409,154,0.0,9.9,9.7,10.05,0.0,0.0,230.86
AMZN,2026-07-28,2026-07-31,C,230.0,3983,5400,0.0,8.5,8.4,8.65,0.0,0.0,230.86
AMZN,2026-07-28,2026-07-31,C,232.5,1842,1434,0.0,7.35,7.1,7.45,0.0,0.0,230.86
AMZN,2026-07-28,2026-07-31,C,235.0,3562,2791,0.0,6.25,6.2,6.3,0.0,0.0,230.86
AMZN,2026-07-28,2026-07-31,C,237.5,9140,3450,0.0,5.27,4.75,5.55,0.0,0.0,230.86
AMZN,2026-07-28,2026-07-31,C,240.0,8196,7185,0.0,4.4,4.2,4.55,0.0,0.0,230.86
AMZN,2026-07-28,2026-07-31,C,242.5,846,545,0.0,3.65,3.55,3.75,0.0,0.0,230.86
AMZN,2026-07-28,2026-07-31,C,245.0,10714,5037,0.0,3.0,2.93,3.1,0.0,0.0,230.86
AMZN,2026-07-28,2026-07-31,C,247.5,7941,1744,0.0,2.48,2.36,2.46,0.0,0.0,230.86
AMZN,2026-07-28,2026-07-31,C,250.0,13563,9988,0.0,1.92,1.92,1.98,0.0,0.0,230.86
AMZN,2026-07-28,2026-07-31,C,252.5,1789,400,0.0,1.54,1.5,1.6,0.0,0.0,230.86
AMZN,2026-07-28,2026-07-31,C,255.0,4942,4812,0.0,1.23,1.18,1.35,0.0,0.0,230.86
AMZN,2026-07-28,2026-07-31,C,257.5,1943,542,0.0,0.96,0.92,1.01,0.0,0.0,230.86
AMZN,2026-07-28,2026-07-31,C,260.0,11565,1501,0.0,0.74,0.72,0.76,0.0,0.0,230.86
AMZN,2026-07-28,2026-07-31,C,262.5,4782,348,0.0,0.58,0.38,0.61,0.0,0.0,230.86
AMZN,2026-07-28,2026-07-31,C,265.0,31058,1213,0.0,0.44,0.42,0.46,0.0,0.0,230.86
AMZN,2026-07-28,2026-07-31,C,267.5,3592,2375,0.0,0.35,0.29,0.36,0.0,0.0,230.86
AMZN,2026-07-28,2026-07-31,C,270.0,7599,986,0.0,0.27,0.25,0.28,0.0,0.0,230.86
AMZN,2026-07-28,2026-07-31,C,272.5,3299,164,0.0,0.2,0.17,0.23,0.0,0.0,230.86
AMZN,2026-07-28,2026-07-31,C,275.0,6523,958,0.0,0.16,0.15,0.18,0.0,0.0,230.86
AMZN,2026-07-28,2026-07-31,C,277.5,457,127,0.0,0.13,0.12,0.15,0.0,0.0,230.86
AMZN,2026-07-28,2026-07-31,C,280.0,30837,622,0.0,0.1,0.09,0.11,0.0,0.0,230.86
AMZN,2026-07-28,2026-07-31,C,282.5,211,148,0.0,0.09,0.02,0.1,0.0,0.0,230.86
AMZN,2026-07-28,2026-07-31,C,285.0,2932,37,0.0,0.06,0.05,0.07,0.0,0.0,230.86
AMZN,2026-07-28,2026-07-31,C,287.5,115,2,0.0,0.07,0.03,0.11,0.0,0.0,230.86
AMZN,2026-07-28,2026-07-31,C,290.0,3420,137,0.0,0.04,0.03,0.06,0.0,0.0,230.86
AMZN,2026-07-28,2026-07-31,C,292.5,55,3,0.0,0.09,0.02,0.11,0.0,0.0,230.86
AMZN,2026-07-28,2026-07-31,C,295.0,2350,17,0.0,0.03,0.02,0.04,0.0,0.0,230.86
AMZN,2026-07-28,2026-07-31,C,297.5,35,0,0.0,0.04,0.01,0.1,0.0,0.0,230.86
AMZN,2026-07-28,2026-07-31,C,300.0,2650,199,0.0,0.03,0.02,0.03,0.0,0.0,230.86
AMZN,2026-07-28,2026-07-31,C,302.5,67,0,0.0,0.06,0.01,0.06,0.0,0.0,230.86
AMZN,2026-07-28,2026-07-31,C,305.0,627,21,0.0,0.01,0.0,0.04,0.0,0.0,230.86
AMZN,2026-07-28,2026-07-31,C,310.0,327,75,0.0,0.01,0.01,0.05,0.0,0.0,230.86
AMZN,2026-07-28,2026-07-31,C,312.5,305,0,0.0,0.01,0.0,0.12,0.0,0.0,230.86
AMZN,2026-07-28,2026-07-31,C,315.0,857,0,0.0,0.01,0.0,0.08,0.0,0.0,230.86
AMZN,2026-07-28,2026-07-31,C,320.0,262,28,0.0,0.01,0.0,0.01,0.0,0.0,230.86
AMZN,2026-07-28,2026-07-31,C,325.0,284,26,0.0,0.01,0.0,0.01,0.0,0.0,230.86
AMZN,2026-07-28,2026-07-31,C,340.0,30,0,0.0,0.11,0.0,0.01,0.0,0.0,230.86
AMZN,2026-07-28,2026-07-31,C,345.0,82,0,0.0,0.01,0.0,0.05,0.0,0.0,230.86
AMZN,2026-07-28,2026-07-31,C,350.0,2856,0,0.0,0.01,0.0,0.01,0.0,0.0,230.86
AMZN,2026-07-28,2026-07-31,C,355.0,520,2,0.0,0.01,0.0,0.01,0.0,0.0,230.86
AMZN,2026-07-28,2026-07-31,P,140.0,506,1,0.0,0.02,0.0,0.02,0.0,0.0,230.86
AMZN,2026-07-28,2026-07-31,P,145.0,765,3,0.0,0.03,0.01,0.05,0.0,0.0,230.86
AMZN,2026-07-28,2026-07-31,P,150.0,213,14,0.0,0.01,0.0,0.03,0.0,0.0,230.86
AMZN,2026-07-28,2026-07-31,P,155.0,212,2,0.0,0.02,0.01,0.03,0.0,0.0,230.86
AMZN,2026-07-28,2026-07-31,P,160.0,360,155,0.0,0.03,0.01,0.04,0.0,0.0,230.86
AMZN,2026-07-28,2026-07-31,P,165.0,89,122,0.0,0.04,0.02,0.05,0.0,0.0,230.86
AMZN,2026-07-28,2026-07-31,P,170.0,319,100,0.0,0.06,0.03,0.07,0.0,0.0,230.86
AMZN,2026-07-28,2026-07-31,P,175.0,368,83,0.0,0.09,0.03,0.09,0.0,0.0,230.86
AMZN,2026-07-28,2026-07-31,P,180.0,2908,2910,0.0,0.08,0.05,0.12,0.0,0.0,230.86
AMZN,2026-07-28,2026-07-31,P,185.0,1265,152,0.0,0.16,0.16,0.19,0.0,0.0,230.86
AMZN,2026-07-28,2026-07-31,P,190.0,3524,554,0.0,0.26,0.24,0.27,0.0,0.0,230.86
AMZN,2026-07-28,2026-07-31,P,195.0,2759,668,0.0,0.38,0.38,0.41,0.0,0.0,230.86
AMZN,2026-07-28,2026-07-31,P,200.0,4456,7335,0.0,0.58,0.57,0.6,0.0,0.0,230.86
AMZN,2026-07-28,2026-07-31,P,205.0,2226,1531,0.0,0.91,0.88,0.93,0.0,0.0,230.86
AMZN,2026-07-28,2026-07-31,P,207.5,1098,253,0.0,1.12,1.1,1.17,0.0,0.0,230.86
AMZN,2026-07-28,2026-07-31,P,210.0,3584,2382,0.0,1.43,1.31,1.55,0.0,0.0,230.86
AMZN,2026-07-28,2026-07-31,P,212.5,429,211,0.0,1.81,1.73,1.86,0.0,0.0,230.86
AMZN,2026-07-28,2026-07-31,P,215.0,2478,2047,0.0,2.27,2.17,2.31,0.0,0.0,230.86
AMZN,2026-07-28,2026-07-31,P,217.5,862,459,0.0,2.87,2.78,2.94,0.0,0.0,230.86
AMZN,2026-07-28,2026-07-31,P,220.0,5085,2031,0.0,3.55,3.45,3.65,0.0,0.0,230.86
AMZN,2026-07-28,2026-07-31,P,222.5,1176,556,0.0,4.33,4.25,4.45,0.0,0.0,230.86
AMZN,2026-07-28,2026-07-31,P,225.0,5153,1237,0.0,5.3,5.2,5.4,0.0,0.0,230.86
AMZN,2026-07-28,2026-07-31,P,227.5,588,1430,0.0,6.35,5.8,6.5,0.0,0.0,230.86
AMZN,2026-07-28,2026-07-31,P,230.0,4118,2480,0.0,7.55,7.15,7.65,0.0,0.0,230.86
AMZN,2026-07-28,2026-07-31,P,232.5,1949,500,0.0,8.82,8.65,9.0,0.0,0.0,230.86
AMZN,2026-07-28,2026-07-31,P,235.0,4625,1561,0.0,10.18,9.9,10.8,0.0,0.0,230.86
AMZN,2026-07-28,2026-07-31,P,237.5,580,503,0.0,11.57,11.0,12.1,0.0,0.0,230.86
AMZN,2026-07-28,2026-07-31,P,240.0,2989,408,0.0,13.4,12.65,13.6,0.0,0.0,230.86
AMZN,2026-07-28,2026-07-31,P,242.5,251,677,0.0,14.87,14.9,15.35,0.0,0.0,230.86
AMZN,2026-07-28,2026-07-31,P,245.0,2334,448,0.0,16.89,16.35,17.25,0.0,0.0,230.86
AMZN,2026-07-28,2026-07-31,P,247.5,282,126,0.0,18.81,18.7,19.2,0.0,0.0,230.86
AMZN,2026-07-28,2026-07-31,P,250.0,2555,233,0.0,20.8,20.6,21.85,0.0,0.0,230.86
AMZN,2026-07-28,2026-07-31,P,252.5,258,111,0.0,22.9,22.7,23.5,0.0,0.0,230.86
AMZN,2026-07-28,2026-07-31,P,255.0,1600,175,0.0,24.96,24.7,25.55,0.0,0.0,230.86
AMZN,2026-07-28,2026-07-31,P,257.5,298,2,0.0,27.9,26.9,27.9,0.0,0.0,230.86
AMZN,2026-07-28,2026-07-31,P,260.0,1046,15,0.0,29.34,29.2,30.1,0.0,0.0,230.86
AMZN,2026-07-28,2026-07-31,P,262.5,68,0,0.0,30.04,31.55,32.5,0.0,0.0,230.86
AMZN,2026-07-28,2026-07-31,P,265.0,44,2,0.0,36.32,33.95,34.8,0.0,0.0,230.86
AMZN,2026-07-28,2026-07-31,P,267.5,129,0,0.0,34.45,36.35,37.25,0.0,0.0,230.86
AMZN,2026-07-28,2026-07-31,P,270.0,358,50,0.0,38.96,38.8,39.65,0.0,0.0,230.86
AMZN,2026-07-28,2026-07-31,P,272.5,47,6,0.0,42.79,40.55,42.55,0.0,0.0,230.86
AMZN,2026-07-28,2026-07-31,P,275.0,393,8,0.0,43.82,43.7,44.9,0.0,0.0,230.86
AMZN,2026-07-28,2026-07-31,P,277.5,31,0,0.0,45.66,45.45,48.15,0.0,0.0,230.86
AMZN,2026-07-28,2026-07-31,P,280.0,292,20,0.0,50.96,48.65,49.9,0.0,0.0,230.86
AMZN,2026-07-28,2026-07-31,P,282.5,27,0,0.0,49.81,49.9,53.35,0.0,0.0,230.86
AMZN,2026-07-28,2026-07-31,P,295.0,30,55,0.0,64.25,62.95,65.55,0.0,0.0,230.86
AMZN,2026-07-28,2026-08-03,C,195.0,39,100,0.0,35.3,35.6,37.1,0.0,0.0,230.86
AMZN,2026-07-28,2026-08-03,C,200.0,50,794,0.0,31.5,31.3,32.35,0.0,0.0,230.86
AMZN,2026-07-28,2026-08-03,C,210.0,28,1,0.0,23.07,22.15,23.3,0.0,0.0,230.86
AMZN,2026-07-28,2026-08-03,C,217.5,28,0,0.0,19.63,16.15,17.3,0.0,0.0,230.86
AMZN,2026-07-28,2026-08-03,C,220.0,44,49,0.0,14.85,14.35,15.4,0.0,0.0,230.86
AMZN,2026-07-28,2026-08-03,C,225.0,59,153,0.0,11.61,10.9,12.2,0.0,0.0,230.86
AMZN,2026-07-28,2026-08-03,C,230.0,138,291,0.0,8.75,8.65,9.1,0.0,0.0,230.86
AMZN,2026-07-28,2026-08-03,C,232.5,146,103,0.0,7.65,7.45,7.85,0.0,0.0,230.86
AMZN,2026-07-28,2026-08-03,C,235.0,428,389,0.0,6.7,6.45,6.65,0.0,0.0,230.86
AMZN,2026-07-28,2026-08-03,C,237.5,516,508,0.0,5.59,5.35,5.8,0.0,0.0,230.86
AMZN,2026-07-28,2026-08-03,C,240.0,257,319,0.0,4.75,4.55,4.9,0.0,0.0,230.86
AMZN,2026-07-28,2026-08-03,C,242.5,301,59,0.0,3.95,3.7,4.2,0.0,0.0,230.86
AMZN,2026-07-28,2026-08-03,C,245.0,250,117,0.0,3.26,3.05,3.45,0.0,0.0,230.86
AMZN,2026-07-28,2026-08-03,C,247.5,137,35,0.0,2.74,2.57,2.89,0.0,0.0,230.86
AMZN,2026-07-28,2026-08-03,C,250.0,884,459,0.0,2.19,2.16,2.35,0.0,0.0,230.86
AMZN,2026-07-28,2026-08-03,C,252.5,117,78,0.0,1.76,1.65,1.93,0.0,0.0,230.86
AMZN,2026-07-28,2026-08-03,C,255.0,467,441,0.0,1.45,1.31,1.56,0.0,0.0,230.86
AMZN,2026-07-28,2026-08-03,C,257.5,149,21,0.0,1.18,1.06,1.2,0.0,0.0,230.86
AMZN,2026-07-28,2026-08-03,C,260.0,382,162,0.0,0.89,0.87,0.98,0.0,0.0,230.86
AMZN,2026-07-28,2026-08-03,C,262.5,122,25,0.0,0.71,0.64,0.76,0.0,0.0,230.86
AMZN,2026-07-28,2026-08-03,C,265.0,3615,205,0.0,0.54,0.49,0.6,0.0,0.0,230.86
AMZN,2026-07-28,2026-08-03,C,267.5,328,28,0.0,0.45,0.38,0.56,0.0,0.0,230.86
AMZN,2026-07-28,2026-08-03,C,270.0,96,21,0.0,0.35,0.26,0.46,0.0,0.0,230.86
AMZN,2026-07-28,2026-08-03,C,272.5,112,4,0.0,0.3,0.19,0.34,0.0,0.0,230.86
AMZN,2026-07-28,2026-08-03,C,275.0,136,35,0.0,0.21,0.14,0.32,0.0,0.0,230.86
AMZN,2026-07-28,2026-08-03,C,280.0,170,42,0.0,0.14,0.13,0.16,0.0,0.0,230.86
AMZN,2026-07-28,2026-08-03,C,285.0,212,0,0.0,0.1,0.03,0.16,0.0,0.0,230.86
AMZN,2026-07-28,2026-08-03,C,287.5,26,4,0.0,0.08,0.04,0.17,0.0,0.0,230.86
AMZN,2026-07-28,2026-08-03,C,290.0,68,21,0.0,0.07,0.05,0.17,0.0,0.0,230.86
AMZN,2026-07-28,2026-08-03,C,292.5,46,12,0.0,0.06,0.01,0.12,0.0,0.0,230.86
AMZN,2026-07-28,2026-08-03,C,295.0,506,100,0.0,0.03,0.01,0.14,0.0,0.0,230.86
AMZN,2026-07-28,2026-08-03,C,300.0,95,21,0.0,0.02,0.01,0.11,0.0,0.0,230.86
AMZN,2026-07-28,2026-08-03,P,200.0,142,154,0.0,0.66,0.62,0.76,0.0,0.0,230.86
AMZN,2026-07-28,2026-08-03,P,205.0,35,109,0.0,1.02,0.95,1.12,0.0,0.0,230.86
AMZN,2026-07-28,2026-08-03,P,207.5,35,39,0.0,1.2,1.26,1.38,0.0,0.0,230.86
AMZN,2026-07-28,2026-08-03,P,210.0,233,64,0.0,1.61,1.55,1.7,0.0,0.0,230.86
AMZN,2026-07-28,2026-08-03,P,212.5,32,132,0.0,2.0,1.87,2.05,0.0,0.0,230.86
AMZN,2026-07-28,2026-08-03,P,215.0,318,1975,0.0,2.47,2.35,2.6,0.0,0.0,230.86
AMZN,2026-07-28,2026-08-03,P,217.5,121,74,0.0,3.02,2.92,3.25,0.0,0.0,230.86
AMZN,2026-07-28,2026-08-03,P,220.0,587,86,0.0,3.75,3.6,3.95,0.0,0.0,230.86
AMZN,2026-07-28,2026-08-03,P,222.5,61,37,0.0,4.3,4.4,4.8,0.0,0.0,230.86
AMZN,2026-07-28,2026-08-03,P,225.0,343,376,0.0,5.6,5.3,5.75,0.0,0.0,230.86
AMZN,2026-07-28,2026-08-03,P,227.5,62,404,0.0,6.8,6.35,6.85,0.0,0.0,230.86
AMZN,2026-07-28,2026-08-03,P,230.0,254,131,0.0,7.85,7.65,8.0,0.0,0.0,230.86
AMZN,2026-07-28,2026-08-03,P,232.5,861,27,0.0,8.89,8.9,9.3,0.0,0.0,230.86
AMZN,2026-07-28,2026-08-03,P,235.0,126,37,0.0,10.0,10.15,10.8,0.0,0.0,230.86
AMZN,2026-07-28,2026-08-03,P,240.0,77,31,0.0,13.06,13.05,13.95,0.0,0.0,230.86
AMZN,2026-07-28,2026-08-03,P,245.0,33,124,0.0,18.08,16.55,17.85,0.0,0.0,230.86
AMZN,2026-07-28,2026-08-03,P,247.5,27,1,0.0,20.06,18.45,19.8,0.0,0.0,230.86
AMZN,2026-07-28,2026-08-03,P,250.0,68,32,0.0,20.84,20.45,21.75,0.0,0.0,230.86
AMZN,2026-07-28,2026-08-03,P,255.0,36,43,0.0,25.1,24.65,26.0,0.0,0.0,230.86
AMZN,2026-07-28,2026-08-03,P,260.0,52,302,0.0,30.95,29.2,30.45,0.0,0.0,230.86
AMZN,2026-07-28,2026-08-03,P,265.0,36,20,0.0,36.49,33.85,35.15,0.0,0.0,230.86
AMZN,2026-07-28,2026-08-03,P,267.5,29,0,0.0,35.7,36.25,37.5,0.0,0.0,230.86
AMZN,2026-07-28,2026-08-03,P,270.0,260,396,0.0,40.89,38.7,39.9,0.0,0.0,230.86
AMZN,2026-07-28,2026-08-03,P,275.0,186,100,0.0,45.38,43.6,44.75,0.0,0.0,230.86
AMZN,2026-07-28,2026-08-03,P,277.5,37,126,0.0,46.33,46.05,47.6,0.0,0.0,230.86
AMZN,2026-07-28,2026-08-03,P,280.0,97,400,0.0,48.65,48.55,50.1,0.0,0.0,230.86
AMZN,2026-07-28,2026-08-03,P,282.5,51,1314,0.0,51.32,51.05,52.8,0.0,0.0,230.86
AMZN,2026-07-28,2026-08-03,P,285.0,30,140,0.0,55.89,52.15,56.15,0.0,0.0,230.86
AMZN,2026-07-28,2026-08-05,C,200.0,27,62,0.0,32.2,31.35,32.55,0.0,0.0,230.86
AMZN,2026-07-28,2026-08-05,C,205.0,60,1,0.0,27.95,26.75,27.95,0.0,0.0,230.86
AMZN,2026-07-28,2026-08-05,C,210.0,30,0,0.0,24.26,22.35,23.65,0.0,0.0,230.86
AMZN,2026-07-28,2026-08-05,C,215.0,42,0,0.0,19.78,18.5,19.6,0.0,0.0,230.86
AMZN,2026-07-28,2026-08-05,C,220.0,37,1,0.0,15.33,14.65,15.95,0.0,0.0,230.86
AMZN,2026-07-28,2026-08-05,C,225.0,46,3,0.0,10.77,11.5,12.7,0.0,0.0,230.86
AMZN,2026-07-28,2026-08-05,C,230.0,46,171,0.0,9.3,9.0,9.5,0.0,0.0,230.86
AMZN,2026-07-28,2026-08-05,C,232.5,61,70,0.0,8.15,7.8,8.35,0.0,0.0,230.86
AMZN,2026-07-28,2026-08-05,C,235.0,97,36,0.0,6.98,6.7,7.25,0.0,0.0,230.86
AMZN,2026-07-28,2026-08-05,C,240.0,71,175,0.0,5.17,4.9,5.4,0.0,0.0,230.86
AMZN,2026-07-28,2026-08-05,C,245.0,98,82,0.0,3.73,3.45,3.8,0.0,0.0,230.86
AMZN,2026-07-28,2026-08-05,C,247.5,44,47,0.0,3.1,2.87,3.25,0.0,0.0,230.86
AMZN,2026-07-28,2026-08-05,C,250.0,82,434,0.0,2.52,2.35,2.66,0.0,0.0,230.86
AMZN,2026-07-28,2026-08-05,C,252.5,41,22,0.0,2.12,1.91,2.23,0.0,0.0,230.86
AMZN,2026-07-28,2026-08-05,C,255.0,73,95,0.0,1.73,1.54,1.85,0.0,0.0,230.86
AMZN,2026-07-28,2026-08-05,C,257.5,45,37,0.0,1.45,1.25,1.51,0.0,0.0,230.86
AMZN,2026-07-28,2026-08-05,C,260.0,113,82,0.0,1.14,0.99,1.24,0.0,0.0,230.86
AMZN,2026-07-28,2026-08-05,C,262.5,33,2,0.0,0.99,0.78,1.04,0.0,0.0,230.86
AMZN,2026-07-28,2026-08-05,C,265.0,44,2,0.0,0.73,0.61,0.8,0.0,0.0,230.86
AMZN,2026-07-28,2026-08-05,C,270.0,31,19,0.0,0.47,0.37,0.51,0.0,0.0,230.86
AMZN,2026-07-28,2026-08-05,C,275.0,131,3,0.0,0.31,0.21,0.41,0.0,0.0,230.86
AMZN,2026-07-28,2026-08-05,C,280.0,48,56,0.0,0.17,0.17,0.3,0.0,0.0,230.86
AMZN,2026-07-28,2026-08-05,C,285.0,203,5,0.0,0.12,0.06,0.18,0.0,0.0,230.86
AMZN,2026-07-28,2026-08-05,C,300.0,31,0,0.0,0.19,0.01,0.15,0.0,0.0,230.86
AMZN,2026-07-28,2026-08-05,P,200.0,25,7,0.0,0.8,0.68,0.92,0.0,0.0,230.86
AMZN,2026-07-28,2026-08-05,P,210.0,37,30,0.0,1.82,1.66,1.98,0.0,0.0,230.86
AMZN,2026-07-28,2026-08-05,P,215.0,60,83,0.0,2.76,2.6,2.94,0.0,0.0,230.86
AMZN,2026-07-28,2026-08-05,P,217.5,71,7,0.0,3.28,3.2,3.6,0.0,0.0,230.86
AMZN,2026-07-28,2026-08-05,P,220.0,30,13,0.0,4.0,4.0,4.35,0.0,0.0,230.86
AMZN,2026-07-28,2026-08-05,P,225.0,131,1,0.0,6.35,5.65,6.2,0.0,0.0,230.86
AMZN,2026-07-28,2026-08-05,P,230.0,59,72,0.0,8.15,7.95,8.45,0.0,0.0,230.86
AMZN,2026-07-28,2026-08-05,P,235.0,94,27,0.0,10.66,10.55,11.2,0.0,0.0,230.86
AMZN,2026-07-28,2026-08-05,P,240.0,82,47,0.0,13.7,13.4,14.65,0.0,0.0,230.86
AMZN,2026-07-28,2026-08-05,P,245.0,74,30,0.0,18.37,16.8,18.1,0.0,0.0,230.86
AMZN,2026-07-28,2026-08-05,P,247.5,43,0,0.0,18.4,18.65,20.15,0.0,0.0,230.86
AMZN,2026-07-28,2026-08-05,P,250.0,105,180,0.0,23.07,20.65,22.15,0.0,0.0,230.86
AMZN,2026-07-28,2026-08-05,P,260.0,117,20,0.0,31.2,29.25,30.75,0.0,0.0,230.86
AMZN,2026-07-28,2026-08-05,P,265.0,54,41,0.0,34.36,33.95,35.3,0.0,0.0,230.86
AMZN,2026-07-28,2026-08-05,P,270.0,95,308,0.0,38.9,38.7,40.05,0.0,0.0,230.86
AMZN,2026-07-28,2026-08-05,P,282.5,32,306,0.0,51.08,51.0,52.6,0.0,0.0,230.86
AMZN,2026-07-28,2026-08-05,P,285.0,152,628,0.0,53.84,53.5,55.0,0.0,0.0,230.86
AMZN,2026-07-28,2026-08-05,P,287.5,28,144,0.0,56.42,54.85,58.4,0.0,0.0,230.86
AMZN,2026-07-28,2026-08-07,C,145.0,38,0,0.0,99.0,84.35,88.0,0.0,0.0,230.86
AMZN,2026-07-28,2026-08-07,C,190.0,32,21,0.0,39.63,40.85,42.05,0.0,0.0,230.86
AMZN,2026-07-28,2026-08-07,C,200.0,301,55,0.0,32.46,31.75,32.55,0.0,0.0,230.86
AMZN,2026-07-28,2026-08-07,C,205.0,117,330,0.0,26.05,27.2,28.05,0.0,0.0,230.86
AMZN,2026-07-28,2026-08-07,C,210.0,130,0,0.0,25.47,22.9,23.7,0.0,0.0,230.86
AMZN,2026-07-28,2026-08-07,C,215.0,78,123,0.0,19.3,18.7,19.6,0.0,0.0,230.86
AMZN,2026-07-28,2026-08-07,C,220.0,393,432,0.0,15.73,15.3,16.0,0.0,0.0,230.86
AMZN,2026-07-28,2026-08-07,C,225.0,97,351,0.0,12.67,12.3,12.8,0.0,0.0,230.86
AMZN,2026-07-28,2026-08-07,C,230.0,409,308,0.0,9.75,9.55,9.9,0.0,0.0,230.86
AMZN,2026-07-28,2026-08-07,C,232.5,297,110,0.0,8.57,8.4,8.7,0.0,0.0,230.86
AMZN,2026-07-28,2026-08-07,C,235.0,2689,309,0.0,7.59,7.3,7.55,0.0,0.0,230.86
AMZN,2026-07-28,2026-08-07,C,237.5,280,212,0.0,6.49,6.3,6.65,0.0,0.0,230.86
AMZN,2026-07-28,2026-08-07,C,240.0,2248,222,0.0,5.53,5.3,5.65,0.0,0.0,230.86
AMZN,2026-07-28,2026-08-07,C,242.5,461,156,0.0,4.75,4.5,4.9,0.0,0.0,230.86
AMZN,2026-07-28,2026-08-07,C,245.0,2207,331,0.0,4.0,3.85,4.1,0.0,0.0,230.86
AMZN,2026-07-28,2026-08-07,C,247.5,260,104,0.0,3.48,3.3,3.5,0.0,0.0,230.86
AMZN,2026-07-28,2026-08-07,C,250.0,2161,808,0.0,2.86,2.77,2.92,0.0,0.0,230.86
AMZN,2026-07-28,2026-08-07,C,252.5,342,124,0.0,2.4,2.3,2.45,0.0,0.0,230.86
AMZN,2026-07-28,2026-08-07,C,255.0,3495,399,0.0,1.95,1.85,2.01,0.0,0.0,230.86
AMZN,2026-07-28,2026-08-07,C,257.5,231,113,0.0,1.63,1.57,1.67,0.0,0.0,230.86
AMZN,2026-07-28,2026-08-07,C,260.0,3299,514,0.0,1.34,1.28,1.37,0.0,0.0,230.86
AMZN,2026-07-28,2026-08-07,C,262.5,103,313,0.0,1.1,1.03,1.15,0.0,0.0,230.86
AMZN,2026-07-28,2026-08-07,C,265.0,2260,263,0.0,0.88,0.82,0.94,0.0,0.0,230.86
AMZN,2026-07-28,2026-08-07,C,267.5,110,69,0.0,0.73,0.66,0.77,0.0,0.0,230.86
AMZN,2026-07-28,2026-08-07,C,270.0,3800,383,0.0,0.58,0.53,0.62,0.0,0.0,230.86
AMZN,2026-07-28,2026-08-07,C,272.5,48,9,0.0,0.48,0.42,0.51,0.0,0.0,230.86
AMZN,2026-07-28,2026-08-07,C,275.0,3394,101,0.0,0.39,0.36,0.41,0.0,0.0,230.86
AMZN,2026-07-28,2026-08-07,C,280.0,2918,277,0.0,0.26,0.2,0.3,0.0,0.0,230.86
AMZN,2026-07-28,2026-08-07,C,285.0,1138,46,0.0,0.17,0.15,0.19,0.0,0.0,230.86
AMZN,2026-07-28,2026-08-07,C,290.0,1859,1052,0.0,0.11,0.1,0.14,0.0,0.0,230.86
AMZN,2026-07-28,2026-08-07,C,295.0,873,5,0.0,0.1,0.05,0.11,0.0,0.0,230.86
AMZN,2026-07-28,2026-08-07,C,300.0,3150,5,0.0,0.07,0.04,0.14,0.0,0.0,230.86
AMZN,2026-07-28,2026-08-07,C,305.0,204,2,0.0,0.04,0.02,0.1,0.0,0.0,230.86
AMZN,2026-07-28,2026-08-07,C,310.0,212,0,0.0,0.04,0.01,0.12,0.0,0.0,230.86
AMZN,2026-07-28,2026-08-07,C,315.0,31,1,0.0,0.02,0.0,0.15,0.0,0.0,230.86
AMZN,2026-07-28,2026-08-07,C,320.0,71,3,0.0,0.02,0.0,0.19,0.0,0.0,230.86
AMZN,2026-07-28,2026-08-07,C,325.0,74,1,0.0,0.05,0.0,0.05,0.0,0.0,230.86
AMZN,2026-07-28,2026-08-07,C,330.0,44,1,0.0,0.03,0.0,0.19,0.0,0.0,230.86
AMZN,2026-07-28,2026-08-07,C,340.0,30,0,0.0,0.07,0.0,0.19,0.0,0.0,230.86
AMZN,2026-07-28,2026-08-07,C,345.0,155,0,0.0,0.02,0.0,0.18,0.0,0.0,230.86
AMZN,2026-07-28,2026-08-07,P,140.0,103,1,0.0,0.05,0.0,0.06,0.0,0.0,230.86
AMZN,2026-07-28,2026-08-07,P,145.0,277,2,0.0,0.05,0.01,0.05,0.0,0.0,230.86
AMZN,2026-07-28,2026-08-07,P,150.0,271,2,0.0,0.04,0.01,0.11,0.0,0.0,230.86
AMZN,2026-07-28,2026-08-07,P,155.0,166,0,0.0,0.09,0.01,0.14,0.0,0.0,230.86
AMZN,2026-07-28,2026-08-07,P,160.0,169,0,0.0,0.06,0.02,0.12,0.0,0.0,230.86
AMZN,2026-07-28,2026-08-07,P,165.0,223,0,0.0,0.08,0.04,0.19,0.0,0.0,230.86
AMZN,2026-07-28,2026-08-07,P,170.0,307,4,0.0,0.09,0.07,0.12,0.0,0.0,230.86
AMZN,2026-07-28,2026-08-07,P,175.0,432,6,0.0,0.17,0.11,0.16,0.0,0.0,230.86
AMZN,2026-07-28,2026-08-07,P,180.0,251,36,0.0,0.24,0.19,0.27,0.0,0.0,230.86
AMZN,2026-07-28,2026-08-07,P,185.0,498,28,0.0,0.29,0.23,0.34,0.0,0.0,230.86
AMZN,2026-07-28,2026-08-07,P,190.0,564,133,0.0,0.42,0.35,0.5,0.0,0.0,230.86
AMZN,2026-07-28,2026-08-07,P,195.0,344,34,0.0,0.62,0.58,0.65,0.0,0.0,230.86
AMZN,2026-07-28,2026-08-07,P,200.0,647,66,0.0,0.87,0.86,0.98,0.0,0.0,230.86
AMZN,2026-07-28,2026-08-07,P,205.0,804,85,0.0,1.3,1.29,1.45,0.0,0.0,230.86
AMZN,2026-07-28,2026-08-07,P,210.0,980,105,0.0,2.01,1.97,2.17,0.0,0.0,230.86
AMZN,2026-07-28,2026-08-07,P,212.5,27,40,0.0,2.5,2.34,2.62,0.0,0.0,230.86
AMZN,2026-07-28,2026-08-07,P,215.0,1362,220,0.0,3.07,2.9,3.2,0.0,0.0,230.86
AMZN,2026-07-28,2026-08-07,P,217.5,37,48,0.0,3.7,3.6,3.85,0.0,0.0,230.86
AMZN,2026-07-28,2026-08-07,P,220.0,2120,339,0.0,4.4,4.3,4.6,0.0,0.0,230.86
AMZN,2026-07-28,2026-08-07,P,222.5,164,24,0.0,5.07,5.2,5.45,0.0,0.0,230.86
AMZN,2026-07-28,2026-08-07,P,225.0,2201,213,0.0,6.27,6.05,6.45,0.0,0.0,230.86
AMZN,2026-07-28,2026-08-07,P,227.5,403,27,0.0,6.95,7.05,7.55,0.0,0.0,230.86
AMZN,2026-07-28,2026-08-07,P,230.0,1259,700,0.0,8.5,8.5,8.7,0.0,0.0,230.86
AMZN,2026-07-28,2026-08-07,P,232.5,367,68,0.0,9.77,9.65,10.05,0.0,0.0,230.86
AMZN,2026-07-28,2026-08-07,P,235.0,1025,312,0.0,11.25,10.95,11.45,0.0,0.0,230.86
AMZN,2026-07-28,2026-08-07,P,237.5,143,18,0.0,12.62,12.45,12.95,0.0,0.0,230.86
AMZN,2026-07-28,2026-08-07,P,240.0,3172,89,0.0,14.32,14.15,14.6,0.0,0.0,230.86
AMZN,2026-07-28,2026-08-07,P,242.5,70,14,0.0,15.73,15.55,16.35,0.0,0.0,230.86
AMZN,2026-07-28,2026-08-07,P,245.0,662,31,0.0,17.55,17.3,18.3,0.0,0.0,230.86
AMZN,2026-07-28,2026-08-07,P,247.5,120,2,0.0,20.05,19.2,20.2,0.0,0.0,230.86
AMZN,2026-07-28,2026-08-07,P,250.0,1589,40,0.0,21.6,21.15,22.2,0.0,0.0,230.86
AMZN,2026-07-28,2026-08-07,P,255.0,209,5,0.0,27.15,25.25,26.35,0.0,0.0,230.86
AMZN,2026-07-28,2026-08-07,P,260.0,404,193,0.0,30.1,29.65,30.75,0.0,0.0,230.86
AMZN,2026-07-28,2026-08-07,P,265.0,201,990,0.0,34.0,34.25,35.3,0.0,0.0,230.86
AMZN,2026-07-28,2026-08-07,P,270.0,79,2767,0.0,39.5,38.95,40.7,0.0,0.0,230.86
AMZN,2026-07-28,2026-08-07,P,275.0,85,1830,0.0,44.29,43.8,44.8,0.0,0.0,230.86
AMZN,2026-07-28,2026-08-07,P,280.0,123,1020,0.0,49.03,48.7,49.7,0.0,0.0,230.86
AMZN,2026-07-28,2026-08-07,P,285.0,59,2580,0.0,53.97,53.65,54.65,0.0,0.0,230.86
AMZN,2026-07-28,2026-08-10,C,230.0,57,28,0.0,10.03,9.65,10.2,0.0,0.0,230.86
AMZN,2026-07-28,2026-08-10,C,240.0,25,8,0.0,5.9,5.5,5.9,0.0,0.0,230.86
AMZN,2026-07-28,2026-08-10,C,250.0,28,85,0.0,2.99,2.9,3.25,0.0,0.0,230.86
AMZN,2026-07-28,2026-08-10,P,195.0,100,0,0.0,0.53,0.51,0.78,0.0,0.0,230.86
AMZN,2026-07-28,2026-08-10,P,215.0,268,31,0.0,3.25,2.99,3.4,0.0,0.0,230.86
AMZN,2026-07-28,2026-08-10,P,230.0,25,549,0.0,8.7,8.25,8.9,0.0,0.0,230.86
AMZN,2026-07-28,2026-08-10,P,235.0,171,19,0.0,10.82,10.95,11.65,0.0,0.0,230.86
AMZN,2026-07-28,2026-08-14,C,180.0,60,0,0.0,57.7,50.5,52.9,0.0,0.0,230.86
AMZN,2026-07-28,2026-08-14,C,190.0,50,0,0.0,57.83,40.7,43.25,0.0,0.0,230.86
AMZN,2026-07-28,2026-08-14,C,195.0,50,0,0.0,47.48,35.95,38.55,0.0,0.0,230.86
AMZN,2026-07-28,2026-08-14,C,200.0,102,6,0.0,30.74,31.25,33.75,0.0,0.0,230.86
AMZN,2026-07-28,2026-08-14,C,210.0,121,1,0.0,24.4,22.5,25.0,0.0,0.0,230.86
AMZN,2026-07-28,2026-08-14,C,215.0,136,1,0.0,20.38,18.6,20.7,0.0,0.0,230.86
AMZN,2026-07-28,2026-08-14,C,220.0,45,7,0.0,16.62,15.45,17.7,0.0,0.0,230.86
AMZN,2026-07-28,2026-08-14,C,225.0,71,3,0.0,13.66,12.45,14.3,0.0,0.0,230.86
AMZN,2026-07-28,2026-08-14,C,230.0,177,184,0.0,10.5,10.35,10.9,0.0,0.0,230.86
AMZN,2026-07-28,2026-08-14,C,232.5,64,65,0.0,9.8,9.15,9.65,0.0,0.0,230.86
AMZN,2026-07-28,2026-08-14,C,235.0,557,222,0.0,8.3,8.05,8.55,0.0,0.0,230.86
AMZN,2026-07-28,2026-08-14,C,240.0,338,132,0.0,6.3,6.15,6.6,0.0,0.0,230.86
AMZN,2026-07-28,2026-08-14,C,245.0,2290,2021,0.0,4.8,4.6,4.95,0.0,0.0,230.86
AMZN,2026-07-28,2026-08-14,C,247.5,41,34,0.0,4.2,3.95,4.35,0.0,0.0,230.86
AMZN,2026-07-28,2026-08-14,C,250.0,1099,117,0.0,3.55,3.4,3.65,0.0,0.0,230.86
AMZN,2026-07-28,2026-08-14,C,255.0,723,55,0.0,2.6,2.4,2.72,0.0,0.0,230.86
AMZN,2026-07-28,2026-08-14,C,257.5,37,57,0.0,2.1,2.02,2.32,0.0,0.0,230.86
AMZN,2026-07-28,2026-08-14,C,260.0,1558,89,0.0,1.81,1.71,1.95,0.0,0.0,230.86
AMZN,2026-07-28,2026-08-14,C,265.0,943,280,0.0,1.27,1.23,1.35,0.0,0.0,230.86
AMZN,2026-07-28,2026-08-14,C,270.0,1724,96,0.0,0.89,0.81,0.99,0.0,0.0,230.86
AMZN,2026-07-28,2026-08-14,C,275.0,1329,59,0.0,0.65,0.55,0.71,0.0,0.0,230.86
AMZN,2026-07-28,2026-08-14,C,280.0,1581,53,0.0,0.42,0.4,0.52,0.0,0.0,230.86
AMZN,2026-07-28,2026-08-14,C,285.0,2771,18,0.0,0.3,0.24,0.39,0.0,0.0,230.86
AMZN,2026-07-28,2026-08-14,C,290.0,873,40,0.0,0.2,0.16,0.29,0.0,0.0,230.86
AMZN,2026-07-28,2026-08-14,C,295.0,237,2,0.0,0.15,0.08,0.26,0.0,0.0,230.86
AMZN,2026-07-28,2026-08-14,C,300.0,739,54,0.0,0.09,0.09,0.21,0.0,0.0,230.86
AMZN,2026-07-28,2026-08-14,C,305.0,99,3,0.0,0.08,0.02,0.18,0.0,0.0,230.86
AMZN,2026-07-28,2026-08-14,C,310.0,147,5,0.0,0.07,0.01,0.18,0.0,0.0,230.86
AMZN,2026-07-28,2026-08-14,C,315.0,461,1,0.0,0.04,0.01,0.11,0.0,0.0,230.86
AMZN,2026-07-28,2026-08-14,C,320.0,125,0,0.0,0.05,0.0,0.15,0.0,0.0,230.86
AMZN,2026-07-28,2026-08-14,P,165.0,164,71,0.0,0.15,0.08,0.23,0.0,0.0,230.86
AMZN,2026-07-28,2026-08-14,P,170.0,61,0,0.0,0.16,0.12,0.3,0.0,0.0,230.86
AMZN,2026-07-28,2026-08-14,P,175.0,46,18,0.0,0.22,0.16,0.3,0.0,0.0,230.86
AMZN,2026-07-28,2026-08-14,P,180.0,403,87,0.0,0.31,0.23,0.42,0.0,0.0,230.86
AMZN,2026-07-28,2026-08-14,P,185.0,157,95,0.0,0.41,0.33,0.53,0.0,0.0,230.86
AMZN,2026-07-28,2026-08-14,P,190.0,58,218,0.0,0.6,0.48,0.72,0.0,0.0,230.86
AMZN,2026-07-28,2026-08-14,P,195.0,152,92,0.0,0.84,0.71,0.94,0.0,0.0,230.86
AMZN,2026-07-28,2026-08-14,P,200.0,287,68,0.0,1.19,1.15,1.32,0.0,0.0,230.86
AMZN,2026-07-28,2026-08-14,P,205.0,388,16,0.0,1.69,1.6,1.86,0.0,0.0,230.86
AMZN,2026-07-28,2026-08-14,P,210.0,384,368,0.0,2.3,2.37,2.71,0.0,0.0,230.86
AMZN,2026-07-28,2026-08-14,P,212.5,27,48,0.0,2.91,2.87,3.25,0.0,0.0,230.86
AMZN,2026-07-28,2026-08-14,P,215.0,404,92,0.0,3.7,3.45,3.85,0.0,0.0,230.86
AMZN,2026-07-28,2026-08-14,P,220.0,505,102,0.0,5.0,4.9,5.3,0.0,0.0,230.86
AMZN,2026-07-28,2026-08-14,P,225.0,698,60,0.0,6.45,6.75,7.15,0.0,0.0,230.86
AMZN,2026-07-28,2026-08-14,P,230.0,494,105,0.0,9.15,9.0,9.55,0.0,0.0,230.86
AMZN,2026-07-28,2026-08-14,P,235.0,369,24,0.0,11.8,11.7,12.2,0.0,0.0,230.86
AMZN,2026-07-28,2026-08-14,P,240.0,287,18,0.0,14.63,14.55,15.35,0.0,0.0,230.86
AMZN,2026-07-28,2026-08-14,P,245.0,133,24,0.0,18.26,17.25,18.9,0.0,0.0,230.86
AMZN,2026-07-28,2026-08-14,P,247.5,132,1,0.0,20.82,19.1,21.2,0.0,0.0,230.86
AMZN,2026-07-28,2026-08-14,P,250.0,411,17,0.0,22.15,21.0,22.7,0.0,0.0,230.86
AMZN,2026-07-28,2026-08-14,P,255.0,213,3,0.0,25.93,25.1,27.0,0.0,0.0,230.86
AMZN,2026-07-28,2026-08-14,P,260.0,37,7,0.0,30.99,29.8,32.05,0.0,0.0,230.86
AMZN,2026-07-28,2026-08-14,P,280.0,45,0,0.0,44.18,48.1,50.65,0.0,0.0,230.86
AMZN,2026-07-28,2026-08-21,C,110.0,501,0,0.0,134.37,119.65,123.25,0.0,0.0,230.86
AMZN,2026-07-28,2026-08-21,C,115.0,85,0,0.0,132.22,114.25,118.3,0.0,0.0,230.86
AMZN,2026-07-28,2026-08-21,C,120.0,1431,0,0.0,114.09,109.35,113.15,0.0,0.0,230.86
AMZN,2026-07-28,2026-08-21,C,125.0,223,0,0.0,109.18,104.45,108.35,0.0,0.0,230.86
AMZN,2026-07-28,2026-08-21,C,130.0,183,0,0.0,117.1,99.75,103.3,0.0,0.0,230.86
AMZN,2026-07-28,2026-08-21,C,135.0,131,0,0.0,114.75,94.35,98.3,0.0,0.0,230.86
AMZN,2026-07-28,2026-08-21,C,140.0,156,0,0.0,109.06,89.7,93.35,0.0,0.0,230.86
AMZN,2026-07-28,2026-08-21,C,145.0,93,0,0.0,98.37,84.7,88.3,0.0,0.0,230.86
AMZN,2026-07-28,2026-08-21,C,150.0,133,0,0.0,85.05,79.75,83.25,0.0,0.0,230.86
AMZN,2026-07-28,2026-08-21,C,155.0,254,0,0.0,76.9,74.8,78.35,0.0,0.0,230.86
AMZN,2026-07-28,2026-08-21,C,160.0,146,1,0.0,72.13,70.85,72.05,0.0,0.0,230.86
AMZN,2026-07-28,2026-08-21,C,165.0,106,0,0.0,67.73,65.9,67.85,0.0,0.0,230.86
AMZN,2026-07-28,2026-08-21,C,170.0,150,0,0.0,65.41,60.95,62.85,0.0,0.0,230.86
AMZN,2026-07-28,2026-08-21,C,175.0,1849,4,0.0,54.81,56.05,57.25,0.0,0.0,230.86
AMZN,2026-07-28,2026-08-21,C,180.0,1591,2,0.0,52.77,51.5,52.4,0.0,0.0,230.86
AMZN,2026-07-28,2026-08-21,C,185.0,277,2,0.0,46.15,46.65,47.55,0.0,0.0,230.86
AMZN,2026-07-28,2026-08-21,C,190.0,1232,4,0.0,43.25,41.95,42.75,0.0,0.0,230.86
AMZN,2026-07-28,2026-08-21,C,195.0,1183,3,0.0,39.48,37.3,38.05,0.0,0.0,230.86
AMZN,2026-07-28,2026-08-21,C,200.0,4404,68,0.0,33.5,32.75,33.5,0.0,0.0,230.86
AMZN,2026-07-28,2026-08-21,C,205.0,1458,6,0.0,28.82,28.35,29.1,0.0,0.0,230.86
AMZN,2026-07-28,2026-08-21,C,210.0,1730,9,0.0,24.49,24.25,24.95,0.0,0.0,230.86
AMZN,2026-07-28,2026-08-21,C,215.0,1135,62,0.0,20.79,20.45,21.15,0.0,0.0,230.86
AMZN,2026-07-28,2026-08-21,C,220.0,3327,73,0.0,17.35,17.0,17.6,0.0,0.0,230.86
AMZN,2026-07-28,2026-08-21,C,222.5,60,7,0.0,14.6,15.4,15.95,0.0,0.0,230.86
AMZN,2026-07-28,2026-08-21,C,225.0,2873,190,0.0,14.25,13.9,14.45,0.0,0.0,230.86
AMZN,2026-07-28,2026-08-21,C,230.0,3359,1259,0.0,11.4,11.25,11.5,0.0,0.0,230.86
AMZN,2026-07-28,2026-08-21,C,232.5,363,124,0.0,10.26,10.05,10.35,0.0,0.0,230.86
AMZN,2026-07-28,2026-08-21,C,235.0,5837,1080,0.0,9.09,8.95,9.2,0.0,0.0,230.86
AMZN,2026-07-28,2026-08-21,C,237.5,767,85,0.0,8.09,7.9,8.2,0.0,0.0,230.86
AMZN,2026-07-28,2026-08-21,C,240.0,10520,2326,0.0,7.17,7.0,7.2,0.0,0.0,230.86
AMZN,2026-07-28,2026-08-21,C,242.5,270,41,0.0,6.25,6.15,6.4,0.0,0.0,230.86
AMZN,2026-07-28,2026-08-21,C,245.0,11081,2082,0.0,5.47,5.35,5.6,0.0,0.0,230.86
AMZN,2026-07-28,2026-08-21,C,247.5,470,40,0.0,4.76,4.6,4.95,0.0,0.0,230.86
AMZN,2026-07-28,2026-08-21,C,250.0,59783,4465,0.0,4.15,4.05,4.25,0.0,0.0,230.86
AMZN,2026-07-28,2026-08-21,C,252.5,345,1614,0.0,3.6,3.5,3.7,0.0,0.0,230.86
AMZN,2026-07-28,2026-08-21,C,255.0,15397,3874,0.0,3.09,3.0,3.2,0.0,0.0,230.86
AMZN,2026-07-28,2026-08-21,C,257.5,254,86,0.0,2.75,2.59,2.76,0.0,0.0,230.86
AMZN,2026-07-28,2026-08-21,C,260.0,48028,3640,0.0,2.25,2.23,2.32,0.0,0.0,230.86
AMZN,2026-07-28,2026-08-21,C,262.5,315,25,0.0,1.99,1.88,2.06,0.0,0.0,230.86
AMZN,2026-07-28,2026-08-21,C,265.0,11474,2074,0.0,1.66,1.63,1.74,0.0,0.0,230.86
AMZN,2026-07-28,2026-08-21,C,267.5,694,610,0.0,1.45,1.35,1.52,0.0,0.0,230.86
AMZN,2026-07-28,2026-08-21,C,270.0,46489,4849,0.0,1.22,1.17,1.26,0.0,0.0,230.86
AMZN,2026-07-28,2026-08-21,C,272.5,239,109,0.0,1.04,0.96,1.11,0.0,0.0,230.86
AMZN,2026-07-28,2026-08-21,C,275.0,22066,894,0.0,0.87,0.84,0.89,0.0,0.0,230.86
AMZN,2026-07-28,2026-08-21,C,280.0,37949,2363,0.0,0.64,0.6,0.66,0.0,0.0,230.86
AMZN,2026-07-28,2026-08-21,C,285.0,25945,257,0.0,0.44,0.4,0.47,0.0,0.0,230.86
AMZN,2026-07-28,2026-08-21,C,290.0,17024,2411,0.0,0.33,0.31,0.35,0.0,0.0,230.86
AMZN,2026-07-28,2026-08-21,C,295.0,32299,66,0.0,0.25,0.23,0.25,0.0,0.0,230.86
AMZN,2026-07-28,2026-08-21,C,300.0,19314,940,0.0,0.17,0.16,0.18,0.0,0.0,230.86
AMZN,2026-07-28,2026-08-21,C,305.0,6177,1119,0.0,0.14,0.11,0.15,0.0,0.0,230.86
AMZN,2026-07-28,2026-08-21,C,310.0,29877,20,0.0,0.1,0.08,0.16,0.0,0.0,230.86
AMZN,2026-07-28,2026-08-21,C,315.0,5162,7,0.0,0.09,0.05,0.09,0.0,0.0,230.86
AMZN,2026-07-28,2026-08-21,C,320.0,44680,15,0.0,0.08,0.06,0.09,0.0,0.0,230.86
AMZN,2026-07-28,2026-08-21,C,325.0,3560,6,0.0,0.05,0.05,0.09,0.0,0.0,230.86
AMZN,2026-07-28,2026-08-21,C,330.0,2486,5,0.0,0.05,0.02,0.11,0.0,0.0,230.86
AMZN,2026-07-28,2026-08-21,C,335.0,7587,20,0.0,0.05,0.04,0.1,0.0,0.0,230.86
AMZN,2026-07-28,2026-08-21,C,340.0,2960,3,0.0,0.05,0.03,0.08,0.0,0.0,230.86
AMZN,2026-07-28,2026-08-21,C,345.0,92,0,0.0,0.05,0.0,0.1,0.0,0.0,230.86
AMZN,2026-07-28,2026-08-21,C,350.0,10787,38,0.0,0.04,0.03,0.07,0.0,0.0,230.86
AMZN,2026-07-28,2026-08-21,C,355.0,42,50,0.0,0.04,0.0,0.1,0.0,0.0,230.86
AMZN,2026-07-28,2026-08-21,C,360.0,1220,12,0.0,0.03,0.01,0.08,0.0,0.0,230.86
AMZN,2026-07-28,2026-08-21,C,365.0,29,0,0.0,0.09,0.0,0.15,0.0,0.0,230.86
AMZN,2026-07-28,2026-08-21,C,370.0,37804,3,0.0,0.02,0.02,0.07,0.0,0.0,230.86
AMZN,2026-07-28,2026-08-21,C,375.0,240,6,0.0,0.03,0.0,0.1,0.0,0.0,230.86
AMZN,2026-07-28,2026-08-21,C,380.0,10014,13,0.0,0.03,0.01,0.07,0.0,0.0,230.86
AMZN,2026-07-28,2026-08-21,C,390.0,4182,14,0.0,0.03,0.01,0.08,0.0,0.0,230.86
AMZN,2026-07-28,2026-08-21,P,110.0,881,0,0.0,0.02,0.0,0.02,0.0,0.0,230.86
AMZN,2026-07-28,2026-08-21,P,115.0,324,0,0.0,0.08,0.0,0.04,0.0,0.0,230.86
AMZN,2026-07-28,2026-08-21,P,120.0,965,57,0.0,0.02,0.0,0.03,0.0,0.0,230.86
AMZN,2026-07-28,2026-08-21,P,125.0,548,1,0.0,0.04,0.02,0.05,0.0,0.0,230.86
AMZN,2026-07-28,2026-08-21,P,130.0,1649,8,0.0,0.04,0.01,0.05,0.0,0.0,230.86
AMZN,2026-07-28,2026-08-21,P,135.0,645,10,0.0,0.05,0.01,0.1,0.0,0.0,230.86
AMZN,2026-07-28,2026-08-21,P,140.0,2418,1171,0.0,0.06,0.03,0.06,0.0,0.0,230.86
AMZN,2026-07-28,2026-08-21,P,145.0,680,4,0.0,0.07,0.05,0.14,0.0,0.0,230.86
AMZN,2026-07-28,2026-08-21,P,150.0,2530,4,0.0,0.09,0.07,0.14,0.0,0.0,230.86
AMZN,2026-07-28,2026-08-21,P,155.0,2282,0,0.0,0.12,0.09,0.16,0.0,0.0,230.86
AMZN,2026-07-28,2026-08-21,P,160.0,6187,101,0.0,0.14,0.12,0.2,0.0,0.0,230.86
AMZN,2026-07-28,2026-08-21,P,165.0,5222,548,0.0,0.18,0.16,0.26,0.0,0.0,230.86
AMZN,2026-07-28,2026-08-21,P,170.0,8195,667,0.0,0.24,0.22,0.28,0.0,0.0,230.86
AMZN,2026-07-28,2026-08-21,P,175.0,3602,26,0.0,0.34,0.3,0.38,0.0,0.0,230.86
AMZN,2026-07-28,2026-08-21,P,180.0,5659,87,0.0,0.4,0.37,0.48,0.0,0.0,230.86
AMZN,2026-07-28,2026-08-21,P,185.0,8696,67,0.0,0.58,0.55,0.62,0.0,0.0,230.86
AMZN,2026-07-28,2026-08-21,P,190.0,4920,79,0.0,0.76,0.7,0.82,0.0,0.0,230.86
AMZN,2026-07-28,2026-08-21,P,195.0,7096,647,0.0,1.08,1.03,1.13,0.0,0.0,230.86
AMZN,2026-07-28,2026-08-21,P,200.0,7854,268,0.0,1.5,1.44,1.56,0.0,0.0,230.86
AMZN,2026-07-28,2026-08-21,P,205.0,6899,417,0.0,2.12,2.08,2.18,0.0,0.0,230.86
AMZN,2026-07-28,2026-08-21,P,210.0,7991,251,0.0,3.0,2.91,3.1,0.0,0.0,230.86
AMZN,2026-07-28,2026-08-21,P,212.5,227,23,0.0,3.55,3.45,3.6,0.0,0.0,230.86
AMZN,2026-07-28,2026-08-21,P,215.0,7319,559,0.0,4.15,4.05,4.25,0.0,0.0,230.86
AMZN,2026-07-28,2026-08-21,P,217.5,150,67,0.0,4.8,4.75,5.0,0.0,0.0,230.86
AMZN,2026-07-28,2026-08-21,P,220.0,28180,1146,0.0,5.7,5.6,5.8,0.0,0.0,230.86
AMZN,2026-07-28,2026-08-21,P,222.5,64,100,0.0,6.41,6.45,6.75,0.0,0.0,230.86
AMZN,2026-07-28,2026-08-21,P,225.0,24209,10703,0.0,7.6,7.5,7.75,0.0,0.0,230.86
AMZN,2026-07-28,2026-08-21,P,227.5,976,57,0.0,8.6,8.55,8.85,0.0,0.0,230.86
AMZN,2026-07-28,2026-08-21,P,230.0,21726,492,0.0,9.9,9.8,10.05,0.0,0.0,230.86
AMZN,2026-07-28,2026-08-21,P,232.5,510,101,0.0,10.93,11.0,11.4,0.0,0.0,230.86
AMZN,2026-07-28,2026-08-21,P,235.0,8948,3422,0.0,12.61,12.35,12.75,0.0,0.0,230.86
AMZN,2026-07-28,2026-08-21,P,237.5,201,75,0.0,13.86,13.75,14.4,0.0,0.0,230.86
AMZN,2026-07-28,2026-08-21,P,240.0,9041,113,0.0,15.71,15.35,15.8,0.0,0.0,230.86
AMZN,2026-07-28,2026-08-21,P,242.5,121,14,0.0,17.23,16.9,17.5,0.0,0.0,230.86
AMZN,2026-07-28,2026-08-21,P,245.0,7491,301,0.0,18.93,18.65,19.3,0.0,0.0,230.86
AMZN,2026-07-28,2026-08-21,P,247.5,153,1,0.0,21.2,20.3,21.3,0.0,0.0,230.86
AMZN,2026-07-28,2026-08-21,P,250.0,16129,122,0.0,22.7,22.15,22.95,0.0,0.0,230.86
AMZN,2026-07-28,2026-08-21,P,252.5,397,1,0.0,25.72,24.1,25.2,0.0,0.0,230.86
AMZN,2026-07-28,2026-08-21,P,255.0,3222,71,0.0,26.27,26.1,27.25,0.0,0.0,230.86
AMZN,2026-07-28,2026-08-21,P,257.5,145,8,0.0,29.95,28.15,29.35,0.0,0.0,230.86
AMZN,2026-07-28,2026-08-21,P,260.0,6296,50,0.0,30.94,30.3,31.5,0.0,0.0,230.86
AMZN,2026-07-28,2026-08-21,P,265.0,2729,54,0.0,34.94,34.75,35.9,0.0,0.0,230.86
AMZN,2026-07-28,2026-08-21,P,270.0,1793,25,0.0,39.75,39.35,40.45,0.0,0.0,230.86
AMZN,2026-07-28,2026-08-21,P,275.0,1802,4,0.0,45.89,44.05,45.15,0.0,0.0,230.86
AMZN,2026-07-28,2026-08-21,P,280.0,1930,6,0.0,49.28,48.9,49.9,0.0,0.0,230.86
AMZN,2026-07-28,2026-08-21,P,285.0,336,20,0.0,55.5,53.8,54.75,0.0,0.0,230.86
AMZN,2026-07-28,2026-08-21,P,290.0,2084,0,0.0,58.16,58.7,59.65,0.0,0.0,230.86
AMZN,2026-07-28,2026-08-21,P,295.0,319,0,0.0,62.65,62.95,65.95,0.0,0.0,230.86
AMZN,2026-07-28,2026-08-21,P,300.0,171,0,0.0,68.03,67.4,70.9,0.0,0.0,230.86
AMZN,2026-07-28,2026-08-28,C,195.0,55,0,0.0,42.05,36.25,39.25,0.0,0.0,230.86
AMZN,2026-07-28,2026-08-28,C,200.0,66,16,0.0,33.7,32.15,34.5,0.0,0.0,230.86
AMZN,2026-07-28,2026-08-28,C,205.0,44,0,0.0,31.0,27.85,30.45,0.0,0.0,230.86
AMZN,2026-07-28,2026-08-28,C,210.0,54,36,0.0,25.7,23.8,26.35,0.0,0.0,230.86
AMZN,2026-07-28,2026-08-28,C,220.0,78,3,0.0,18.63,16.95,19.15,0.0,0.0,230.86
AMZN,2026-07-28,2026-08-28,C,225.0,85,41,0.0,15.09,14.5,15.35,0.0,0.0,230.86
AMZN,2026-07-28,2026-08-28,C,230.0,139,95,0.0,12.25,11.9,12.45,0.0,0.0,230.86
AMZN,2026-07-28,2026-08-28,C,235.0,200,159,0.0,10.0,9.6,10.1,0.0,0.0,230.86
AMZN,2026-07-28,2026-08-28,C,240.0,195,104,0.0,7.95,7.65,8.1,0.0,0.0,230.86
AMZN,2026-07-28,2026-08-28,C,245.0,235,59,0.0,6.12,5.95,6.4,0.0,0.0,230.86
AMZN,2026-07-28,2026-08-28,C,250.0,515,258,0.0,4.79,4.6,5.0,0.0,0.0,230.86
AMZN,2026-07-28,2026-08-28,C,255.0,343,165,0.0,3.62,3.45,3.85,0.0,0.0,230.86
AMZN,2026-07-28,2026-08-28,C,260.0,768,160,0.0,2.82,2.73,2.94,0.0,0.0,230.86
AMZN,2026-07-28,2026-08-28,C,265.0,516,112,0.0,2.1,2.0,2.2,0.0,0.0,230.86
AMZN,2026-07-28,2026-08-28,C,270.0,453,217,0.0,1.56,1.52,1.65,0.0,0.0,230.86
AMZN,2026-07-28,2026-08-28,C,275.0,430,80,0.0,1.16,1.04,1.26,0.0,0.0,230.86
AMZN,2026-07-28,2026-08-28,C,280.0,471,55,0.0,0.86,0.75,0.94,0.0,0.0,230.86
AMZN,2026-07-28,2026-08-28,C,285.0,180,46,0.0,0.62,0.53,0.75,0.0,0.0,230.86
AMZN,2026-07-28,2026-08-28,C,290.0,603,13,0.0,0.48,0.38,0.58,0.0,0.0,230.86
AMZN,2026-07-28,2026-08-28,C,295.0,269,11,0.0,0.33,0.25,0.45,0.0,0.0,230.86
AMZN,2026-07-28,2026-08-28,C,300.0,392,38,0.0,0.25,0.17,0.36,0.0,0.0,230.86
AMZN,2026-07-28,2026-08-28,C,305.0,132,15,0.0,0.2,0.11,0.29,0.0,0.0,230.86
AMZN,2026-07-28,2026-08-28,C,310.0,52,21,0.0,0.15,0.07,0.25,0.0,0.0,230.86
AMZN,2026-07-28,2026-08-28,C,315.0,35,5,0.0,0.1,0.05,0.21,0.0,0.0,230.86
AMZN,2026-07-28,2026-08-28,C,320.0,144,502,0.0,0.09,0.02,0.19,0.0,0.0,230.86
AMZN,2026-07-28,2026-08-28,C,325.0,50,28,0.0,0.09,0.01,0.18,0.0,0.0,230.86
AMZN,2026-07-28,2026-08-28,C,345.0,48,0,0.0,0.07,0.0,0.14,0.0,0.0,230.86
AMZN,2026-07-28,2026-08-28,P,160.0,50,1,0.0,0.16,0.11,0.29,0.0,0.0,230.86
AMZN,2026-07-28,2026-08-28,P,180.0,247,3,0.0,0.51,0.4,0.64,0.0,0.0,230.86
AMZN,2026-07-28,2026-08-28,P,185.0,135,2,0.0,0.69,0.57,0.8,0.0,0.0,230.86
AMZN,2026-07-28,2026-08-28,P,190.0,306,92,0.0,0.97,0.8,1.06,0.0,0.0,230.86
AMZN,2026-07-28,2026-08-28,P,195.0,168,71,0.0,1.27,1.15,1.38,0.0,0.0,230.86
AMZN,2026-07-28,2026-08-28,P,200.0,416,41,0.0,1.78,1.63,1.93,0.0,0.0,230.86
AMZN,2026-07-28,2026-08-28,P,205.0,330,54,0.0,2.29,2.32,2.66,0.0,0.0,230.86
AMZN,2026-07-28,2026-08-28,P,210.0,613,155,0.0,3.45,3.25,3.65,0.0,0.0,230.86
AMZN,2026-07-28,2026-08-28,P,215.0,394,67,0.0,4.45,4.45,4.9,0.0,0.0,230.86
AMZN,2026-07-28,2026-08-28,P,220.0,341,163,0.0,6.35,6.05,6.5,0.0,0.0,230.86
AMZN,2026-07-28,2026-08-28,P,225.0,490,77,0.0,8.05,7.95,8.5,0.0,0.0,230.86
AMZN,2026-07-28,2026-08-28,P,230.0,326,230,0.0,10.35,10.2,10.75,0.0,0.0,230.86
AMZN,2026-07-28,2026-08-28,P,235.0,382,41,0.0,13.0,12.9,13.5,0.0,0.0,230.86
AMZN,2026-07-28,2026-08-28,P,240.0,280,9,0.0,15.94,15.4,16.8,0.0,0.0,230.86
AMZN,2026-07-28,2026-08-28,P,245.0,156,6,0.0,18.95,18.75,20.25,0.0,0.0,230.86
AMZN,2026-07-28,2026-08-28,P,250.0,197,3,0.0,22.9,22.45,23.75,0.0,0.0,230.86
AMZN,2026-07-28,2026-08-28,P,255.0,66,2,0.0,27.13,25.85,28.05,0.0,0.0,230.86
AMZN,2026-07-28,2026-08-28,P,260.0,51,2,0.0,30.55,30.05,32.8,0.0,0.0,230.86
AMZN,2026-07-28,2026-09-04,C,205.0,46,1,0.0,29.75,28.35,31.05,0.0,0.0,230.86
AMZN,2026-07-28,2026-09-04,C,220.0,71,1,0.0,18.27,17.5,19.95,0.0,0.0,230.86
AMZN,2026-07-28,2026-09-04,C,230.0,32,8,0.0,13.2,12.75,13.3,0.0,0.0,230.86
AMZN,2026-07-28,2026-09-04,C,235.0,59,27,0.0,10.77,10.4,10.95,0.0,0.0,230.86
AMZN,2026-07-28,2026-09-04,C,240.0,31,29,0.0,8.72,8.35,8.9,0.0,0.0,230.86
AMZN,2026-07-28,2026-09-04,C,250.0,5629,5625,0.0,5.43,5.3,5.65,0.0,0.0,230.86
AMZN,2026-07-28,2026-09-04,C,255.0,2654,57,0.0,4.27,4.15,4.45,0.0,0.0,230.86
AMZN,2026-07-28,2026-09-04,C,260.0,93,27,0.0,3.3,3.1,3.55,0.0,0.0,230.86
AMZN,2026-07-28,2026-09-04,C,265.0,99,41,0.0,2.56,2.39,2.73,0.0,0.0,230.86
AMZN,2026-07-28,2026-09-04,C,270.0,58,40,0.0,1.97,1.8,2.0,0.0,0.0,230.86
AMZN,2026-07-28,2026-09-04,C,275.0,64,33,0.0,1.49,1.35,1.64,0.0,0.0,230.86
AMZN,2026-07-28,2026-09-04,C,280.0,467,90,0.0,1.15,1.04,1.2,0.0,0.0,230.86
AMZN,2026-07-28,2026-09-04,C,285.0,31,11,0.0,0.88,0.74,0.89,0.0,0.0,230.86
AMZN,2026-07-28,2026-09-04,P,180.0,215,154,0.0,0.65,0.51,0.75,0.0,0.0,230.86
AMZN,2026-07-28,2026-09-04,P,185.0,119,16,0.0,0.82,0.71,0.95,0.0,0.0,230.86
AMZN,2026-07-28,2026-09-04,P,190.0,29,50,0.0,1.11,1.0,1.2,0.0,0.0,230.86
AMZN,2026-07-28,2026-09-04,P,195.0,148,27,0.0,1.58,1.4,1.7,0.0,0.0,230.86
AMZN,2026-07-28,2026-09-04,P,200.0,96,46,0.0,2.07,1.95,2.31,0.0,0.0,230.86
AMZN,2026-07-28,2026-09-04,P,205.0,111,47,0.0,2.87,2.71,3.1,0.0,0.0,230.86
AMZN,2026-07-28,2026-09-04,P,210.0,135,57,0.0,3.9,3.7,4.15,0.0,0.0,230.86
AMZN,2026-07-28,2026-09-04,P,215.0,90,69,0.0,5.15,4.95,5.45,0.0,0.0,230.86
AMZN,2026-07-28,2026-09-04,P,220.0,37,27,0.0,6.78,6.55,7.0,0.0,0.0,230.86
AMZN,2026-07-28,2026-09-04,P,225.0,50,14,0.0,8.7,8.5,9.1,0.0,0.0,230.86
AMZN,2026-07-28,2026-09-04,P,230.0,50,63,0.0,11.01,10.8,11.35,0.0,0.0,230.86
AMZN,2026-07-28,2026-09-04,P,235.0,50,15,0.0,13.61,13.45,14.1,0.0,0.0,230.86
AMZN,2026-07-28,2026-09-18,C,105.0,71,2,0.0,126.9,124.65,128.65,0.0,0.0,230.86
AMZN,2026-07-28,2026-09-18,C,110.0,37,0,0.0,123.4,119.7,123.7,0.0,0.0,230.86
AMZN,2026-07-28,2026-09-18,C,115.0,61,0,0.0,130.0,114.75,118.75,0.0,0.0,230.86
AMZN,2026-07-28,2026-09-18,C,120.0,225,0,0.0,113.4,109.75,113.8,0.0,0.0,230.86
AMZN,2026-07-28,2026-09-18,C,125.0,411,0,0.0,108.2,105.25,108.85,0.0,0.0,230.86
AMZN,2026-07-28,2026-09-18,C,130.0,138,0,0.0,124.15,99.9,103.9,0.0,0.0,230.86
AMZN,2026-07-28,2026-09-18,C,135.0,139,0,0.0,98.7,94.95,98.85,0.0,0.0,230.86
AMZN,2026-07-28,2026-09-18,C,140.0,116,0,0.0,106.02,90.4,94.0,0.0,0.0,230.86
AMZN,2026-07-28,2026-09-18,C,145.0,137,0,0.0,88.96,85.45,88.9,0.0,0.0,230.86
AMZN,2026-07-28,2026-09-18,C,150.0,365,0,0.0,106.75,80.15,84.05,0.0,0.0,230.86
AMZN,2026-07-28,2026-09-18,C,155.0,221,0,0.0,78.79,75.4,79.15,0.0,0.0,230.86
AMZN,2026-07-28,2026-09-18,C,160.0,379,0,0.0,73.74,70.5,74.2,0.0,0.0,230.86
AMZN,2026-07-28,2026-09-18,C,165.0,551,0,0.0,69.94,65.65,69.35,0.0,0.0,230.86
AMZN,2026-07-28,2026-09-18,C,170.0,314,4,0.0,60.67,61.2,63.8,0.0,0.0,230.86
AMZN,2026-07-28,2026-09-18,C,175.0,290,69,0.0,58.29,56.75,59.0,0.0,0.0,230.86
AMZN,2026-07-28,2026-09-18,C,180.0,568,1,0.0,53.85,52.55,53.65,0.0,0.0,230.86
AMZN,2026-07-28,2026-09-18,C,185.0,271,2,0.0,48.65,47.85,48.95,0.0,0.0,230.86
AMZN,2026-07-28,2026-09-18,C,190.0,1620,5,0.0,42.27,43.25,44.3,0.0,0.0,230.86
AMZN,2026-07-28,2026-09-18,C,195.0,419,0,0.0,41.23,38.8,39.85,0.0,0.0,230.86
AMZN,2026-07-28,2026-09-18,C,200.0,3461,5,0.0,35.3,34.5,35.55,0.0,0.0,230.86
AMZN,2026-07-28,2026-09-18,C,205.0,1863,7,0.0,31.85,29.55,31.4,0.0,0.0,230.86
AMZN,2026-07-28,2026-09-18,C,210.0,3887,8,0.0,27.35,25.75,27.5,0.0,0.0,230.86
AMZN,2026-07-28,2026-09-18,C,215.0,1884,59,0.0,24.15,23.0,23.85,0.0,0.0,230.86
AMZN,2026-07-28,2026-09-18,C,220.0,14236,210,0.0,20.02,19.75,20.5,0.0,0.0,230.86
AMZN,2026-07-28,2026-09-18,C,225.0,4367,162,0.0,17.2,16.9,17.4,0.0,0.0,230.86
AMZN,2026-07-28,2026-09-18,C,230.0,7227,771,0.0,14.42,14.2,14.55,0.0,0.0,230.86
AMZN,2026-07-28,2026-09-18,C,235.0,4128,562,0.0,12.05,11.85,12.1,0.0,0.0,230.86
AMZN,2026-07-28,2026-09-18,C,240.0,7884,2136,0.0,9.85,9.7,10.15,0.0,0.0,230.86
AMZN,2026-07-28,2026-09-18,C,245.0,13935,845,0.0,8.2,8.0,8.2,0.0,0.0,230.86
AMZN,2026-07-28,2026-09-18,C,250.0,14041,1522,0.0,6.63,6.45,6.6,0.0,0.0,230.86
AMZN,2026-07-28,2026-09-18,C,255.0,10343,1864,0.0,5.35,5.2,5.5,0.0,0.0,230.86
AMZN,2026-07-28,2026-09-18,C,260.0,20700,1693,0.0,4.21,4.15,4.35,0.0,0.0,230.86
AMZN,2026-07-28,2026-09-18,C,265.0,6851,257,0.0,3.38,3.3,3.5,0.0,0.0,230.86
AMZN,2026-07-28,2026-09-18,C,270.0,26322,890,0.0,2.68,2.61,2.75,0.0,0.0,230.86
AMZN,2026-07-28,2026-09-18,C,275.0,10670,310,0.0,2.12,2.03,2.18,0.0,0.0,230.86
AMZN,2026-07-28,2026-09-18,C,280.0,18856,794,0.0,1.66,1.59,1.73,0.0,0.0,230.86
AMZN,2026-07-28,2026-09-18,C,285.0,8972,193,0.0,1.28,1.28,1.34,0.0,0.0,230.86
AMZN,2026-07-28,2026-09-18,C,290.0,15080,484,0.0,1.02,0.96,1.05,0.0,0.0,230.86
AMZN,2026-07-28,2026-09-18,C,295.0,6433,135,0.0,0.8,0.73,0.83,0.0,0.0,230.86
AMZN,2026-07-28,2026-09-18,C,300.0,20596,1006,0.0,0.62,0.62,0.67,0.0,0.0,230.86
AMZN,2026-07-28,2026-09-18,C,305.0,9451,290,0.0,0.49,0.45,0.54,0.0,0.0,230.86
AMZN,2026-07-28,2026-09-18,C,310.0,4528,37,0.0,0.38,0.38,0.44,0.0,0.0,230.86
AMZN,2026-07-28,2026-09-18,C,315.0,5839,130,0.0,0.32,0.24,0.36,0.0,0.0,230.86
AMZN,2026-07-28,2026-09-18,C,320.0,6466,16,0.0,0.24,0.18,0.3,0.0,0.0,230.86
AMZN,2026-07-28,2026-09-18,C,325.0,5847,48,0.0,0.19,0.14,0.2,0.0,0.0,230.86
AMZN,2026-07-28,2026-09-18,C,330.0,2866,82,0.0,0.15,0.1,0.21,0.0,0.0,230.86
AMZN,2026-07-28,2026-09-18,C,335.0,70,0,0.0,0.21,0.11,0.17,0.0,0.0,230.86
AMZN,2026-07-28,2026-09-18,C,340.0,2139,61,0.0,0.1,0.1,0.15,0.0,0.0,230.86
AMZN,2026-07-28,2026-09-18,C,350.0,13291,1027,0.0,0.07,0.07,0.1,0.0,0.0,230.86
AMZN,2026-07-28,2026-09-18,C,360.0,6330,0,0.0,0.05,0.02,0.11,0.0,0.0,230.86
AMZN,2026-07-28,2026-09-18,C,370.0,6748,2,0.0,0.05,0.01,0.1,0.0,0.0,230.86
AMZN,2026-07-28,2026-09-18,C,375.0,323,0,0.0,0.05,0.01,0.17,0.0,0.0,230.86
AMZN,2026-07-28,2026-09-18,C,380.0,3834,0,0.0,0.07,0.0,0.16,0.0,0.0,230.86
AMZN,2026-07-28,2026-09-18,C,390.0,491,0,0.0,0.03,0.0,0.16,0.0,0.0,230.86
AMZN,2026-07-28,2026-09-18,C,400.0,848,0,0.0,0.02,0.0,0.23,0.0,0.0,230.86
AMZN,2026-07-28,2026-09-18,C,410.0,1074,0,0.0,0.01,0.01,0.1,0.0,0.0,230.86
AMZN,2026-07-28,2026-09-18,P,105.0,2117,0,0.0,0.05,0.01,0.07,0.0,0.0,230.86
AMZN,2026-07-28,2026-09-18,P,110.0,724,0,0.0,0.08,0.01,0.28,0.0,0.0,230.86
AMZN,2026-07-28,2026-09-18,P,115.0,297,1,0.0,0.05,0.0,0.2,0.0,0.0,230.86
AMZN,2026-07-28,2026-09-18,P,120.0,437,0,0.0,0.08,0.05,0.11,0.0,0.0,230.86
AMZN,2026-07-28,2026-09-18,P,125.0,463,1,0.0,0.09,0.05,0.12,0.0,0.0,230.86
AMZN,2026-07-28,2026-09-18,P,130.0,5886,7,0.0,0.09,0.04,0.1,0.0,0.0,230.86
AMZN,2026-07-28,2026-09-18,P,135.0,1513,0,0.0,0.13,0.1,0.16,0.0,0.0,230.86
AMZN,2026-07-28,2026-09-18,P,140.0,2327,100,0.0,0.15,0.13,0.19,0.0,0.0,230.86
AMZN,2026-07-28,2026-09-18,P,145.0,1656,0,0.0,0.17,0.13,0.23,0.0,0.0,230.86
AMZN,2026-07-28,2026-09-18,P,150.0,6269,25,0.0,0.23,0.16,0.28,0.0,0.0,230.86
AMZN,2026-07-28,2026-09-18,P,155.0,4250,64,0.0,0.28,0.23,0.34,0.0,0.0,230.86
AMZN,2026-07-28,2026-09-18,P,160.0,15670,36,0.0,0.36,0.34,0.41,0.0,0.0,230.86
AMZN,2026-07-28,2026-09-18,P,165.0,8087,29,0.0,0.45,0.42,0.49,0.0,0.0,230.86
AMZN,2026-07-28,2026-09-18,P,170.0,10338,138,0.0,0.56,0.47,0.6,0.0,0.0,230.86
AMZN,2026-07-28,2026-09-18,P,175.0,10914,220,0.0,0.7,0.69,0.77,0.0,0.0,230.86
AMZN,2026-07-28,2026-09-18,P,180.0,8787,312,0.0,0.9,0.83,0.97,0.0,0.0,230.86
AMZN,2026-07-28,2026-09-18,P,185.0,6483,111,0.0,1.15,1.14,1.26,0.0,0.0,230.86
AMZN,2026-07-28,2026-09-18,P,190.0,15149,763,0.0,1.55,1.52,1.62,0.0,0.0,230.86
AMZN,2026-07-28,2026-09-18,P,195.0,7381,424,0.0,2.11,1.99,2.12,0.0,0.0,230.86
AMZN,2026-07-28,2026-09-18,P,200.0,11119,121,0.0,2.78,2.7,2.84,0.0,0.0,230.86
AMZN,2026-07-28,2026-09-18,P,205.0,8119,435,0.0,3.6,3.5,3.75,0.0,0.0,230.86
AMZN,2026-07-28,2026-09-18,P,210.0,9879,476,0.0,4.79,4.6,4.9,0.0,0.0,230.86
AMZN,2026-07-28,2026-09-18,P,215.0,7965,369,0.0,6.2,6.0,6.25,0.0,0.0,230.86
AMZN,2026-07-28,2026-09-18,P,220.0,17227,349,0.0,7.78,7.6,7.95,0.0,0.0,230.86
AMZN,2026-07-28,2026-09-18,P,225.0,5920,898,0.0,9.8,9.6,9.95,0.0,0.0,230.86
AMZN,2026-07-28,2026-09-18,P,230.0,13259,644,0.0,12.25,12.0,12.3,0.0,0.0,230.86
AMZN,2026-07-28,2026-09-18,P,235.0,9661,580,0.0,14.71,14.5,14.95,0.0,0.0,230.86
AMZN,2026-07-28,2026-09-18,P,240.0,9044,476,0.0,17.72,17.4,17.95,0.0,0.0,230.86
AMZN,2026-07-28,2026-09-18,P,245.0,3377,520,0.0,20.6,20.5,21.4,0.0,0.0,230.86
AMZN,2026-07-28,2026-09-18,P,250.0,5028,180,0.0,24.45,24.2,24.7,0.0,0.0,230.86
AMZN,2026-07-28,2026-09-18,P,255.0,2673,91,0.0,28.2,27.5,28.7,0.0,0.0,230.86
AMZN,2026-07-28,2026-09-18,P,260.0,3149,22,0.0,32.19,31.7,32.95,0.0,0.0,230.86
AMZN,2026-07-28,2026-09-18,P,265.0,662,7,0.0,36.15,35.65,37.2,0.0,0.0,230.86
AMZN,2026-07-28,2026-09-18,P,270.0,1793,29,0.0,40.05,40.0,41.6,0.0,0.0,230.86
AMZN,2026-07-28,2026-09-18,P,275.0,618,75,0.0,44.98,44.55,46.1,0.0,0.0,230.86
AMZN,2026-07-28,2026-09-18,P,280.0,1670,0,0.0,48.88,49.2,50.7,0.0,0.0,230.86
AMZN,2026-07-28,2026-09-18,P,285.0,165,0,0.0,52.25,53.95,55.4,0.0,0.0,230.86
AMZN,2026-07-28,2026-09-18,P,290.0,78,0,0.0,57.8,58.75,60.2,0.0,0.0,230.86
AMZN,2026-07-28,2026-09-18,P,295.0,58,0,0.0,62.6,63.65,65.0,0.0,0.0,230.86
AMZN,2026-07-28,2026-09-18,P,300.0,453,0,0.0,66.98,68.55,69.9,0.0,0.0,230.86
AMZN,2026-07-28,2026-10-16,C,100.0,133,0,0.0,146.95,130.05,134.05,0.0,0.0,230.86
AMZN,2026-07-28,2026-10-16,C,110.0,34,0,0.0,139.69,120.2,124.15,0.0,0.0,230.86
AMZN,2026-07-28,2026-10-16,C,115.0,39,0,0.0,131.5,115.25,119.25,0.0,0.0,230.86
AMZN,2026-07-28,2026-10-16,C,120.0,46,0,0.0,120.98,110.3,114.3,0.0,0.0,230.86
AMZN,2026-07-28,2026-10-16,C,125.0,62,0,0.0,116.23,105.4,109.35,0.0,0.0,230.86
AMZN,2026-07-28,2026-10-16,C,130.0,63,0,0.0,115.5,100.45,104.45,0.0,0.0,230.86
AMZN,2026-07-28,2026-10-16,C,135.0,45,0,0.0,106.35,95.7,99.45,0.0,0.0,230.86
AMZN,2026-07-28,2026-10-16,C,140.0,59,0,0.0,111.3,90.8,94.55,0.0,0.0,230.86
AMZN,2026-07-28,2026-10-16,C,145.0,59,0,0.0,98.24,85.9,89.65,0.0,0.0,230.86
AMZN,2026-07-28,2026-10-16,C,150.0,103,0,0.0,85.46,81.2,84.6,0.0,0.0,230.86
AMZN,2026-07-28,2026-10-16,C,155.0,1387,0,0.0,96.12,76.2,79.65,0.0,0.0,230.86
AMZN,2026-07-28,2026-10-16,C,160.0,113,0,0.0,74.57,71.4,74.4,0.0,0.0,230.86
AMZN,2026-07-28,2026-10-16,C,165.0,87,1,0.0,68.58,66.6,69.85,0.0,0.0,230.86
AMZN,2026-07-28,2026-10-16,C,170.0,104,0,0.0,78.41,62.2,64.85,0.0,0.0,230.86
AMZN,2026-07-28,2026-10-16,C,175.0,57,0,0.0,61.41,58.2,59.75,0.0,0.0,230.86
AMZN,2026-07-28,2026-10-16,C,180.0,147,15,0.0,54.75,53.55,55.1,0.0,0.0,230.86
AMZN,2026-07-28,2026-10-16,C,185.0,77,2,0.0,49.98,49.05,50.6,0.0,0.0,230.86
AMZN,2026-07-28,2026-10-16,C,190.0,385,19,0.0,45.6,44.7,46.15,0.0,0.0,230.86
AMZN,2026-07-28,2026-10-16,C,195.0,124,1,0.0,40.56,40.45,41.9,0.0,0.0,230.86
AMZN,2026-07-28,2026-10-16,C,200.0,342,6,0.0,38.07,36.45,37.75,0.0,0.0,230.86
AMZN,2026-07-28,2026-10-16,C,205.0,431,0,0.0,34.2,32.6,33.85,0.0,0.0,230.86
AMZN,2026-07-28,2026-10-16,C,210.0,260,28,0.0,29.65,29.0,30.15,0.0,0.0,230.86
AMZN,2026-07-28,2026-10-16,C,215.0,1229,20,0.0,26.18,25.25,26.6,0.0,0.0,230.86
AMZN,2026-07-28,2026-10-16,C,220.0,287,65,0.0,22.83,22.5,23.3,0.0,0.0,230.86
AMZN,2026-07-28,2026-10-16,C,225.0,536,34,0.0,20.7,19.7,20.35,0.0,0.0,230.86
AMZN,2026-07-28,2026-10-16,C,230.0,1199,223,0.0,17.35,17.1,17.55,0.0,0.0,230.86
AMZN,2026-07-28,2026-10-16,C,235.0,1294,145,0.0,15.2,14.65,15.1,0.0,0.0,230.86
AMZN,2026-07-28,2026-10-16,C,240.0,2199,424,0.0,12.72,12.45,12.8,0.0,0.0,230.86
AMZN,2026-07-28,2026-10-16,C,245.0,2837,65,0.0,10.95,10.6,10.9,0.0,0.0,230.86
AMZN,2026-07-28,2026-10-16,C,250.0,6354,280,0.0,9.2,8.95,9.2,0.0,0.0,230.86
AMZN,2026-07-28,2026-10-16,C,255.0,2305,109,0.0,7.68,7.5,7.75,0.0,0.0,230.86
AMZN,2026-07-28,2026-10-16,C,260.0,15633,203,0.0,6.37,6.25,6.5,0.0,0.0,230.86
AMZN,2026-07-28,2026-10-16,C,265.0,4290,108,0.0,5.35,5.15,5.4,0.0,0.0,230.86
AMZN,2026-07-28,2026-10-16,C,270.0,3991,317,0.0,4.4,4.3,4.5,0.0,0.0,230.86
AMZN,2026-07-28,2026-10-16,C,275.0,11711,115,0.0,3.7,3.55,3.7,0.0,0.0,230.86
AMZN,2026-07-28,2026-10-16,C,280.0,4848,1423,0.0,3.03,2.91,3.1,0.0,0.0,230.86
AMZN,2026-07-28,2026-10-16,C,285.0,2044,48,0.0,2.47,2.43,2.57,0.0,0.0,230.86
AMZN,2026-07-28,2026-10-16,C,290.0,3852,25,0.0,2.07,1.96,2.13,0.0,0.0,230.86
AMZN,2026-07-28,2026-10-16,C,295.0,12716,206,0.0,1.76,1.61,1.77,0.0,0.0,230.86
AMZN,2026-07-28,2026-10-16,C,300.0,9199,259,0.0,1.36,1.35,1.47,0.0,0.0,230.86
AMZN,2026-07-28,2026-10-16,C,310.0,5555,53,0.0,0.95,0.87,1.0,0.0,0.0,230.86
AMZN,2026-07-28,2026-10-16,C,315.0,74,1,0.0,0.76,0.69,0.84,0.0,0.0,230.86
AMZN,2026-07-28,2026-10-16,C,320.0,2247,15,0.0,0.61,0.57,0.7,0.0,0.0,230.86
AMZN,2026-07-28,2026-10-16,C,330.0,1371,3,0.0,0.42,0.4,0.52,0.0,0.0,230.86
AMZN,2026-07-28,2026-10-16,C,340.0,3752,50,0.0,0.29,0.22,0.35,0.0,0.0,230.86
AMZN,2026-07-28,2026-10-16,C,350.0,1270,5,0.0,0.18,0.17,0.28,0.0,0.0,230.86
AMZN,2026-07-28,2026-10-16,C,360.0,869,0,0.0,0.17,0.08,0.21,0.0,0.0,230.86
AMZN,2026-07-28,2026-10-16,C,370.0,5099,1,0.0,0.09,0.06,0.16,0.0,0.0,230.86
AMZN,2026-07-28,2026-10-16,C,375.0,278,0,0.0,0.1,0.03,0.17,0.0,0.0,230.86
AMZN,2026-07-28,2026-10-16,C,380.0,5413,3,0.0,0.09,0.05,0.14,0.0,0.0,230.86
AMZN,2026-07-28,2026-10-16,C,390.0,517,0,0.0,0.07,0.01,0.13,0.0,0.0,230.86
AMZN,2026-07-28,2026-10-16,C,400.0,571,351,0.0,0.03,0.0,0.17,0.0,0.0,230.86
AMZN,2026-07-28,2026-10-16,C,410.0,1288,1,0.0,0.02,0.01,0.17,0.0,0.0,230.86
AMZN,2026-07-28,2026-10-16,P,100.0,173,30,0.0,0.06,0.05,0.52,0.0,0.0,230.86
AMZN,2026-07-28,2026-10-16,P,105.0,141,0,0.0,0.09,0.05,0.15,0.0,0.0,230.86
AMZN,2026-07-28,2026-10-16,P,110.0,370,0,0.0,0.05,0.05,0.12,0.0,0.0,230.86
AMZN,2026-07-28,2026-10-16,P,115.0,131,0,0.0,0.08,0.05,0.13,0.0,0.0,230.86
AMZN,2026-07-28,2026-10-16,P,120.0,542,0,0.0,0.14,0.1,0.16,0.0,0.0,230.86
AMZN,2026-07-28,2026-10-16,P,125.0,388,1,0.0,0.09,0.1,0.19,0.0,0.0,230.86
AMZN,2026-07-28,2026-10-16,P,130.0,163,20,0.0,0.18,0.09,0.22,0.0,0.0,230.86
AMZN,2026-07-28,2026-10-16,P,135.0,217,21,0.0,0.23,0.2,0.23,0.0,0.0,230.86
AMZN,2026-07-28,2026-10-16,P,140.0,185,0,0.0,0.24,0.22,0.32,0.0,0.0,230.86
AMZN,2026-07-28,2026-10-16,P,145.0,647,12,0.0,0.33,0.21,0.38,0.0,0.0,230.86
AMZN,2026-07-28,2026-10-16,P,150.0,1017,8,0.0,0.42,0.36,0.46,0.0,0.0,230.86
AMZN,2026-07-28,2026-10-16,P,155.0,964,8,0.0,0.48,0.45,0.56,0.0,0.0,230.86
AMZN,2026-07-28,2026-10-16,P,160.0,722,121,0.0,0.62,0.48,0.68,0.0,0.0,230.86
AMZN,2026-07-28,2026-10-16,P,165.0,706,38,0.0,0.69,0.64,0.84,0.0,0.0,230.86
AMZN,2026-07-28,2026-10-16,P,170.0,646,133,0.0,0.94,0.83,1.03,0.0,0.0,230.86
AMZN,2026-07-28,2026-10-16,P,175.0,3305,9,0.0,1.19,1.11,1.28,0.0,0.0,230.86
AMZN,2026-07-28,2026-10-16,P,180.0,2574,11,0.0,1.51,1.45,1.6,0.0,0.0,230.86
AMZN,2026-07-28,2026-10-16,P,185.0,1813,74,0.0,1.97,1.89,2.07,0.0,0.0,230.86
AMZN,2026-07-28,2026-10-16,P,190.0,1617,150,0.0,2.5,2.44,2.63,0.0,0.0,230.86
AMZN,2026-07-28,2026-10-16,P,195.0,11382,45,0.0,3.12,3.1,3.35,0.0,0.0,230.86
AMZN,2026-07-28,2026-10-16,P,200.0,6489,42,0.0,4.15,4.0,4.25,0.0,0.0,230.86
AMZN,2026-07-28,2026-10-16,P,205.0,3613,5180,0.0,5.2,5.15,5.35,0.0,0.0,230.86
AMZN,2026-07-28,2026-10-16,P,210.0,9552,649,0.0,6.51,6.35,6.7,0.0,0.0,230.86
AMZN,2026-07-28,2026-10-16,P,215.0,12731,662,0.0,8.05,7.9,8.25,0.0,0.0,230.86
AMZN,2026-07-28,2026-10-16,P,220.0,3935,398,0.0,9.65,9.8,10.05,0.0,0.0,230.86
AMZN,2026-07-28,2026-10-16,P,225.0,2719,116,0.0,11.9,11.7,12.1,0.0,0.0,230.86
AMZN,2026-07-28,2026-10-16,P,230.0,3721,111,0.0,14.3,14.05,14.45,0.0,0.0,230.86
AMZN,2026-07-28,2026-10-16,P,235.0,3122,37,0.0,16.6,16.5,17.0,0.0,0.0,230.86
AMZN,2026-07-28,2026-10-16,P,240.0,6800,16,0.0,19.45,19.45,19.85,0.0,0.0,230.86
AMZN,2026-07-28,2026-10-16,P,245.0,2778,106,0.0,22.65,22.3,23.3,0.0,0.0,230.86
AMZN,2026-07-28,2026-10-16,P,250.0,4444,14,0.0,26.03,25.55,26.75,0.0,0.0,230.86
AMZN,2026-07-28,2026-10-16,P,255.0,1061,4,0.0,29.37,29.05,30.5,0.0,0.0,230.86
AMZN,2026-07-28,2026-10-16,P,260.0,1343,15,0.0,33.52,32.75,34.4,0.0,0.0,230.86
AMZN,2026-07-28,2026-10-16,P,265.0,723,3,0.0,37.15,36.75,38.5,0.0,0.0,230.86
AMZN,2026-07-28,2026-10-16,P,270.0,754,1,0.0,41.59,40.9,42.65,0.0,0.0,230.86
AMZN,2026-07-28,2026-10-16,P,275.0,869,0,0.0,44.64,45.2,47.1,0.0,0.0,230.86
AMZN,2026-07-28,2026-10-16,P,280.0,232,5,0.0,50.5,49.65,51.65,0.0,0.0,230.86
AMZN,2026-07-28,2026-10-16,P,285.0,161,1,0.0,56.4,54.25,56.25,0.0,0.0,230.86
AMZN,2026-07-28,2026-10-16,P,290.0,200,0,0.0,41.95,58.95,60.9,0.0,0.0,230.86
AMZN,2026-07-28,2026-10-16,P,295.0,106,0,0.0,53.54,63.7,65.65,0.0,0.0,230.86
AMZN,2026-07-28,2026-10-16,P,300.0,101,0,0.0,48.26,68.55,70.45,0.0,0.0,230.86
AMZN,2026-07-28,2026-10-16,P,310.0,184,0,0.0,77.48,78.3,80.15,0.0,0.0,230.86
AMZN,2026-07-28,2026-11-20,C,110.0,27,0,0.0,147.36,120.75,124.75,0.0,0.0,230.86
AMZN,2026-07-28,2026-11-20,C,115.0,34,0,0.0,121.9,115.9,119.85,0.0,0.0,230.86
AMZN,2026-07-28,2026-11-20,C,120.0,51,0,0.0,114.6,111.0,115.0,0.0,0.0,230.86
AMZN,2026-07-28,2026-11-20,C,125.0,76,0,0.0,110.59,106.4,110.0,0.0,0.0,230.86
AMZN,2026-07-28,2026-11-20,C,130.0,82,0,0.0,106.78,101.4,105.15,0.0,0.0,230.86
AMZN,2026-07-28,2026-11-20,C,135.0,80,0,0.0,107.35,96.4,100.3,0.0,0.0,230.86
AMZN,2026-07-28,2026-11-20,C,140.0,101,0,0.0,96.28,91.7,95.4,0.0,0.0,230.86
AMZN,2026-07-28,2026-11-20,C,145.0,77,0,0.0,94.7,87.3,90.0,0.0,0.0,230.86
AMZN,2026-07-28,2026-11-20,C,150.0,114,0,0.0,85.96,82.1,85.8,0.0,0.0,230.86
AMZN,2026-07-28,2026-11-20,C,155.0,122,0,0.0,80.08,77.95,80.45,0.0,0.0,230.86
AMZN,2026-07-28,2026-11-20,C,160.0,156,0,0.0,92.25,73.05,75.75,0.0,0.0,230.86
AMZN,2026-07-28,2026-11-20,C,165.0,125,0,0.0,71.05,68.95,70.85,0.0,0.0,230.86
AMZN,2026-07-28,2026-11-20,C,170.0,180,0,0.0,66.5,64.4,66.25,0.0,0.0,230.86
AMZN,2026-07-28,2026-11-20,C,175.0,123,0,0.0,61.79,59.9,61.75,0.0,0.0,230.86
AMZN,2026-07-28,2026-11-20,C,180.0,145,8,0.0,56.8,55.55,57.3,0.0,0.0,230.86
AMZN,2026-07-28,2026-11-20,C,185.0,84,19,0.0,52.5,51.3,53.05,0.0,0.0,230.86
AMZN,2026-07-28,2026-11-20,C,190.0,278,0,0.0,51.6,47.35,48.9,0.0,0.0,230.86
AMZN,2026-07-28,2026-11-20,C,195.0,101,2,0.0,45.05,43.3,44.85,0.0,0.0,230.86
AMZN,2026-07-28,2026-11-20,C,200.0,404,103,0.0,40.45,39.55,41.0,0.0,0.0,230.86
AMZN,2026-07-28,2026-11-20,C,205.0,363,1,0.0,35.16,35.95,37.35,0.0,0.0,230.86
AMZN,2026-07-28,2026-11-20,C,210.0,441,11,0.0,32.83,32.6,33.85,0.0,0.0,230.86
AMZN,2026-07-28,2026-11-20,C,215.0,1181,3,0.0,29.6,29.4,30.65,0.0,0.0,230.86
AMZN,2026-07-28,2026-11-20,C,220.0,1455,23,0.0,27.17,26.5,27.4,0.0,0.0,230.86
AMZN,2026-07-28,2026-11-20,C,225.0,454,12,0.0,24.37,23.85,25.15,0.0,0.0,230.86
AMZN,2026-07-28,2026-11-20,C,230.0,1735,215,0.0,21.5,21.3,22.05,0.0,0.0,230.86
AMZN,2026-07-28,2026-11-20,C,235.0,1179,396,0.0,19.16,18.9,19.35,0.0,0.0,230.86
AMZN,2026-07-28,2026-11-20,C,240.0,2262,176,0.0,16.85,16.8,17.1,0.0,0.0,230.86
AMZN,2026-07-28,2026-11-20,C,245.0,1859,311,0.0,14.97,14.7,15.1,0.0,0.0,230.86
AMZN,2026-07-28,2026-11-20,C,250.0,8296,403,0.0,13.15,12.95,13.3,0.0,0.0,230.86
AMZN,2026-07-28,2026-11-20,C,255.0,1434,38,0.0,11.6,11.3,11.65,0.0,0.0,230.86
AMZN,2026-07-28,2026-11-20,C,260.0,8994,244,0.0,10.09,9.9,10.25,0.0,0.0,230.86
AMZN,2026-07-28,2026-11-20,C,265.0,2277,50,0.0,8.75,8.6,8.9,0.0,0.0,230.86
AMZN,2026-07-28,2026-11-20,C,270.0,2217,50,0.0,7.66,7.5,7.8,0.0,0.0,230.86
AMZN,2026-07-28,2026-11-20,C,275.0,13518,270,0.0,6.59,6.5,6.8,0.0,0.0,230.86
AMZN,2026-07-28,2026-11-20,C,280.0,3357,88,0.0,5.7,5.6,5.9,0.0,0.0,230.86
AMZN,2026-07-28,2026-11-20,C,285.0,1979,140,0.0,4.98,4.85,5.1,0.0,0.0,230.86
AMZN,2026-07-28,2026-11-20,C,290.0,5387,124,0.0,4.25,4.2,4.45,0.0,0.0,230.86
AMZN,2026-07-28,2026-11-20,C,295.0,1619,144,0.0,3.7,3.6,3.9,0.0,0.0,230.86
AMZN,2026-07-28,2026-11-20,C,300.0,5756,207,0.0,3.15,3.1,3.35,0.0,0.0,230.86
AMZN,2026-07-28,2026-11-20,C,305.0,2521,109,0.0,2.84,2.67,2.92,0.0,0.0,230.86
AMZN,2026-07-28,2026-11-20,C,310.0,1643,122,0.0,2.42,2.3,2.54,0.0,0.0,230.86
AMZN,2026-07-28,2026-11-20,C,315.0,810,36,0.0,2.13,1.95,2.24,0.0,0.0,230.86
AMZN,2026-07-28,2026-11-20,C,320.0,2004,176,0.0,1.84,1.72,1.9,0.0,0.0,230.86
AMZN,2026-07-28,2026-11-20,C,325.0,2095,30,0.0,1.62,1.47,1.68,0.0,0.0,230.86
AMZN,2026-07-28,2026-11-20,C,330.0,979,33,0.0,1.37,1.24,1.49,0.0,0.0,230.86
AMZN,2026-07-28,2026-11-20,C,335.0,643,90,0.0,1.12,1.07,1.27,0.0,0.0,230.86
AMZN,2026-07-28,2026-11-20,C,340.0,2616,39,0.0,1.07,0.94,1.1,0.0,0.0,230.86
AMZN,2026-07-28,2026-11-20,C,350.0,1895,250,0.0,0.78,0.7,0.87,0.0,0.0,230.86
AMZN,2026-07-28,2026-11-20,C,360.0,704,52,0.0,0.6,0.52,0.71,0.0,0.0,230.86
AMZN,2026-07-28,2026-11-20,C,370.0,523,0,0.0,0.56,0.38,0.49,0.0,0.0,230.86
AMZN,2026-07-28,2026-11-20,C,375.0,158,0,0.0,0.49,0.32,0.51,0.0,0.0,230.86
AMZN,2026-07-28,2026-11-20,C,380.0,432,1,0.0,0.34,0.28,0.38,0.0,0.0,230.86
AMZN,2026-07-28,2026-11-20,C,390.0,349,0,0.0,0.31,0.18,0.37,0.0,0.0,230.86
AMZN,2026-07-28,2026-11-20,C,400.0,302,40,0.0,0.22,0.2,0.29,0.0,0.0,230.86
AMZN,2026-07-28,2026-11-20,C,410.0,460,19,0.0,0.17,0.08,0.27,0.0,0.0,230.86
AMZN,2026-07-28,2026-11-20,P,105.0,217,1,0.0,0.12,0.05,0.18,0.0,0.0,230.86
AMZN,2026-07-28,2026-11-20,P,110.0,320,0,0.0,0.15,0.1,0.21,0.0,0.0,230.86
AMZN,2026-07-28,2026-11-20,P,115.0,140,0,0.0,0.19,0.1,0.25,0.0,0.0,230.86
AMZN,2026-07-28,2026-11-20,P,120.0,567,5,0.0,0.21,0.15,0.29,0.0,0.0,230.86
AMZN,2026-07-28,2026-11-20,P,125.0,202,0,0.0,0.37,0.14,0.35,0.0,0.0,230.86
AMZN,2026-07-28,2026-11-20,P,130.0,155,0,0.0,0.4,0.2,0.41,0.0,0.0,230.86
AMZN,2026-07-28,2026-11-20,P,135.0,179,27,0.0,0.43,0.27,0.49,0.0,0.0,230.86
AMZN,2026-07-28,2026-11-20,P,140.0,342,5,0.0,0.47,0.4,0.59,0.0,0.0,230.86
AMZN,2026-07-28,2026-11-20,P,145.0,1419,29,0.0,0.62,0.49,0.71,0.0,0.0,230.86
AMZN,2026-07-28,2026-11-20,P,150.0,555,8,0.0,0.78,0.65,0.87,0.0,0.0,230.86
AMZN,2026-07-28,2026-11-20,P,155.0,429,14,0.0,0.95,0.82,1.01,0.0,0.0,230.86
AMZN,2026-07-28,2026-11-20,P,160.0,1905,2,0.0,1.11,1.06,1.27,0.0,0.0,230.86
AMZN,2026-07-28,2026-11-20,P,165.0,1328,26,0.0,1.48,1.31,1.58,0.0,0.0,230.86
AMZN,2026-07-28,2026-11-20,P,170.0,1520,6,0.0,1.75,1.7,1.93,0.0,0.0,230.86
AMZN,2026-07-28,2026-11-20,P,175.0,1269,17,0.0,2.25,2.14,2.42,0.0,0.0,230.86
AMZN,2026-07-28,2026-11-20,P,180.0,2268,104,0.0,2.78,2.7,2.96,0.0,0.0,230.86
AMZN,2026-07-28,2026-11-20,P,185.0,1696,57,0.0,3.47,3.35,3.55,0.0,0.0,230.86
AMZN,2026-07-28,2026-11-20,P,190.0,8707,264,0.0,4.18,4.15,4.5,0.0,0.0,230.86
AMZN,2026-07-28,2026-11-20,P,195.0,4114,22,0.0,5.22,5.1,5.45,0.0,0.0,230.86
AMZN,2026-07-28,2026-11-20,P,200.0,6063,36,0.0,6.31,6.25,6.6,0.0,0.0,230.86
AMZN,2026-07-28,2026-11-20,P,205.0,1570,205,0.0,7.7,7.65,7.85,0.0,0.0,230.86
AMZN,2026-07-28,2026-11-20,P,210.0,3564,66,0.0,9.17,9.1,9.45,0.0,0.0,230.86
AMZN,2026-07-28,2026-11-20,P,215.0,1447,55,0.0,11.04,10.8,11.3,0.0,0.0,230.86
AMZN,2026-07-28,2026-11-20,P,220.0,4283,84,0.0,12.87,12.75,13.2,0.0,0.0,230.86
AMZN,2026-07-28,2026-11-20,P,225.0,3830,208,0.0,15.25,14.9,15.35,0.0,0.0,230.86
AMZN,2026-07-28,2026-11-20,P,230.0,3571,3675,0.0,17.34,17.25,17.75,0.0,0.0,230.86
AMZN,2026-07-28,2026-11-20,P,235.0,1658,71,0.0,20.1,19.8,20.35,0.0,0.0,230.86
AMZN,2026-07-28,2026-11-20,P,240.0,3759,129,0.0,22.84,22.6,23.05,0.0,0.0,230.86
AMZN,2026-07-28,2026-11-20,P,245.0,2389,33,0.0,25.4,25.45,26.1,0.0,0.0,230.86
AMZN,2026-07-28,2026-11-20,P,250.0,6370,49,0.0,28.91,28.5,29.35,0.0,0.0,230.86
AMZN,2026-07-28,2026-11-20,P,255.0,949,1,0.0,32.21,31.85,32.75,0.0,0.0,230.86
AMZN,2026-07-28,2026-11-20,P,260.0,949,149,0.0,35.95,35.6,36.8,0.0,0.0,230.86
AMZN,2026-07-28,2026-11-20,P,265.0,439,3,0.0,39.53,39.0,40.7,0.0,0.0,230.86
AMZN,2026-07-28,2026-11-20,P,270.0,794,20,0.0,43.5,42.9,44.7,0.0,0.0,230.86
AMZN,2026-07-28,2026-11-20,P,275.0,235,0,0.0,46.27,46.95,48.85,0.0,0.0,230.86
AMZN,2026-07-28,2026-11-20,P,280.0,154,20,0.0,53.2,51.15,53.15,0.0,0.0,230.86
AMZN,2026-07-28,2026-11-20,P,285.0,686,0,0.0,53.45,55.45,57.4,0.0,0.0,230.86
AMZN,2026-07-28,2026-11-20,P,290.0,103,15,0.0,61.4,59.9,62.05,0.0,0.0,230.86
AMZN,2026-07-28,2026-11-20,P,300.0,70,0,0.0,55.92,69.1,71.05,0.0,0.0,230.86
AMZN,2026-07-28,2026-11-20,P,305.0,668,0,0.0,71.2,73.8,76.0,0.0,0.0,230.86
AMZN,2026-07-28,2026-11-20,P,310.0,141,0,0.0,59.0,78.65,80.5,0.0,0.0,230.86
AMZN,2026-07-28,2026-11-20,P,320.0,40,0,0.0,91.0,88.3,90.4,0.0,0.0,230.86
AMZN,2026-07-28,2026-11-20,P,325.0,53,0,0.0,93.55,93.2,95.05,0.0,0.0,230.86
