ticker,date,expiry,type,strike,oi,volume,iv,last,bid,ask
IREN,2026-08-21,2026-08-28,C,20.0,29,7,1.0000000000000003e-05,20.55,20.15,20.45
IREN,2026-08-21,2026-08-28,C,21.0,1,2,2.7812530468750003,19.6,19.15,19.9
IREN,2026-08-21,2026-08-28,C,24.0,3,16,4.066411166992188,17.27,15.45,17.8
IREN,2026-08-21,2026-08-28,C,25.0,14,14,2.1171922070312497,16.4,15.2,15.9
IREN,2026-08-21,2026-08-28,C,26.0,18,11,1.0000000000000003e-05,14.56,14.15,14.75
IREN,2026-08-21,2026-08-28,C,27.0,19,5,1.0000000000000003e-05,13.41,13.15,13.75
IREN,2026-08-21,2026-08-28,C,28.0,3,16,1.0000000000000003e-05,12.5,12.15,12.8
IREN,2026-08-21,2026-08-28,C,29.0,4,4,1.703126484375,11.65,11.25,11.95
IREN,2026-08-21,2026-08-28,C,29.5,1,3,1.6328143359374998,11.11,10.75,11.45
IREN,2026-08-21,2026-08-28,C,30.0,128,46,1.0000000000000003e-05,10.55,10.25,10.8
IREN,2026-08-21,2026-08-28,C,30.5,1,28,2.0664110839843746,9.67,9.8,10.8
IREN,2026-08-21,2026-08-28,C,31.0,70,18,1.0000000000000003e-05,9.24,9.3,9.8
IREN,2026-08-21,2026-08-28,C,32.0,31,51,1.47265888671875,9.05,8.35,9.05
IREN,2026-08-21,2026-08-28,C,33.0,34,14,1.2441444042968748,8.69,7.35,8.0
IREN,2026-08-21,2026-08-28,C,33.5,2,2,1.0859420703125,7.29,7.1,7.45
IREN,2026-08-21,2026-08-28,C,34.0,248,2,1.2441444042968748,6.92,6.7,7.5
IREN,2026-08-21,2026-08-28,C,34.5,1,2,1.169926025390625,7.46,6.1,7.1
IREN,2026-08-21,2026-08-28,C,35.0,894,499,0.8906260937499999,6.03,5.8,6.1
IREN,2026-08-21,2026-08-28,C,35.5,2,2,0.992187578125,5.68,5.45,5.7
IREN,2026-08-21,2026-08-28,C,36.0,108,15,1.0468797656250002,5.33,5.1,5.3
IREN,2026-08-21,2026-08-28,C,36.5,11,6,1.1552776611328124,5.0,4.8,5.05
IREN,2026-08-21,2026-08-28,C,37.0,112,10,1.123051259765625,4.5,4.4,4.6
IREN,2026-08-21,2026-08-28,C,37.5,153,3,1.21875390625,4.4,4.15,4.4
IREN,2026-08-21,2026-08-28,C,38.0,405,59,1.1826212744140623,3.95,3.8,3.95
IREN,2026-08-21,2026-08-28,C,38.5,107,8,1.2138711181640622,4.03,3.5,3.7
IREN,2026-08-21,2026-08-28,C,39.0,242,49,1.2470740771484374,3.4,3.25,3.45
IREN,2026-08-21,2026-08-28,C,39.5,286,51,1.2656286718749998,3.15,2.99,3.2
IREN,2026-08-21,2026-08-28,C,40.0,2698,888,1.236331943359375,2.77,2.72,2.82
IREN,2026-08-21,2026-08-28,C,40.5,1221,769,1.2763708056640621,2.57,2.57,2.61
IREN,2026-08-21,2026-08-28,C,41.0,1049,1260,1.2783239208984374,2.39,2.32,2.39
IREN,2026-08-21,2026-08-28,C,41.5,1176,651,1.2968785156249998,2.16,2.13,2.21
IREN,2026-08-21,2026-08-28,C,42.0,2195,876,1.3085972070312497,2.0,1.94,2.03
IREN,2026-08-21,2026-08-28,C,42.5,1048,513,1.3193393408203122,1.74,1.77,1.86
IREN,2026-08-21,2026-08-28,C,43.0,2039,913,1.3291049169921871,1.66,1.64,1.67
IREN,2026-08-21,2026-08-28,C,43.5,1044,292,1.338870493164062,1.55,1.51,1.51
IREN,2026-08-21,2026-08-28,C,44.0,1450,759,1.3398470507812497,1.36,1.33,1.39
IREN,2026-08-21,2026-08-28,C,44.5,915,372,1.365237548828125,1.27,1.22,1.31
IREN,2026-08-21,2026-08-28,C,45.0,5985,2243,1.361331318359375,1.11,1.11,1.15
IREN,2026-08-21,2026-08-28,C,45.5,146,197,1.37109689453125,1.01,1.01,1.05
IREN,2026-08-21,2026-08-28,C,46.0,2851,852,1.3798859130859373,0.92,0.91,0.96
IREN,2026-08-21,2026-08-28,C,46.5,130,144,1.3925811621093749,0.87,0.81,0.9
IREN,2026-08-21,2026-08-28,C,47.0,2879,1171,1.4033232958984376,0.78,0.74,0.82
IREN,2026-08-21,2026-08-28,C,47.5,222,118,1.40234673828125,0.68,0.67,0.72
IREN,2026-08-21,2026-08-28,C,48.0,5173,2868,1.40625296875,0.67,0.61,0.64
IREN,2026-08-21,2026-08-28,C,48.5,270,142,1.408206083984375,0.6,0.54,0.58
IREN,2026-08-21,2026-08-28,C,49.0,2113,967,1.4277372363281249,0.53,0.51,0.53
IREN,2026-08-21,2026-08-28,C,49.5,60,86,1.443362158203125,0.47,0.46,0.5
IREN,2026-08-21,2026-08-28,C,50.0,12601,5044,1.435549697265625,0.42,0.41,0.43
IREN,2026-08-21,2026-08-28,C,51.0,1274,317,1.4453152734375,0.34,0.33,0.35
IREN,2026-08-21,2026-08-28,C,52.0,6885,318,1.46875265625,0.29,0.27,0.3
IREN,2026-08-21,2026-08-28,C,53.0,2308,140,1.4765651171875,0.23,0.21,0.25
IREN,2026-08-21,2026-08-28,C,54.0,992,167,1.4921900390624998,0.19,0.18,0.2
IREN,2026-08-21,2026-08-28,C,55.0,5746,2625,1.50390873046875,0.14,0.15,0.16
IREN,2026-08-21,2026-08-28,C,60.0,6720,1046,1.5937520312499998,0.06,0.06,0.07
IREN,2026-08-21,2026-08-28,C,65.0,2716,542,1.734376328125,0.03,0.03,0.05
IREN,2026-08-21,2026-08-28,C,70.0,1720,92,1.859375703125,0.02,0.02,0.03
IREN,2026-08-21,2026-08-28,C,75.0,418,750,1.9375003125,0.01,0.01,0.02
IREN,2026-08-21,2026-08-28,C,80.0,172,43,2.746096884765625,0.03,0.0,0.24
IREN,2026-08-21,2026-08-28,C,85.0,1537,10,2.0625048437499998,0.01,0.0,0.01
IREN,2026-08-21,2026-08-28,P,20.0,4203,275,2.1250046874999997,0.02,0.0,0.01
IREN,2026-08-21,2026-08-28,P,21.0,49,2,2.000005,0.01,0.0,0.01
IREN,2026-08-21,2026-08-28,P,22.0,590,404,2.1250046874999997,0.02,0.01,0.02
IREN,2026-08-21,2026-08-28,P,23.0,2086,5,1.875000625,0.02,0.0,0.02
IREN,2026-08-21,2026-08-28,P,24.0,240,4,2.4843787890625,0.03,0.0,0.24
IREN,2026-08-21,2026-08-28,P,25.0,1198,28,1.78125109375,0.03,0.01,0.03
IREN,2026-08-21,2026-08-28,P,26.0,197,9,1.765626171875,0.06,0.0,0.07
IREN,2026-08-21,2026-08-28,P,27.0,20795,79,1.640626796875,0.03,0.01,0.06
IREN,2026-08-21,2026-08-28,P,28.0,3750,22,1.5937520312499998,0.05,0.02,0.08
IREN,2026-08-21,2026-08-28,P,29.0,480,15,1.484377578125,0.06,0.03,0.08
IREN,2026-08-21,2026-08-28,P,29.5,119,18,1.4960962695312499,0.07,0.06,0.09
IREN,2026-08-21,2026-08-28,P,30.0,2128,2164,1.4765651171875,0.09,0.08,0.1
IREN,2026-08-21,2026-08-28,P,30.5,47,14,1.4375028125,0.11,0.08,0.12
IREN,2026-08-21,2026-08-28,P,31.0,1035,177,1.43359658203125,0.13,0.11,0.14
IREN,2026-08-21,2026-08-28,P,31.5,79,23,1.4375028125,0.15,0.15,0.17
IREN,2026-08-21,2026-08-28,P,32.0,878,317,1.421877890625,0.18,0.18,0.2
IREN,2026-08-21,2026-08-28,P,32.5,101,136,1.44140904296875,0.24,0.24,0.26
IREN,2026-08-21,2026-08-28,P,33.0,1306,805,1.4140654296875002,0.29,0.27,0.3
IREN,2026-08-21,2026-08-28,P,33.5,213,261,1.44140904296875,0.36,0.36,0.38
IREN,2026-08-21,2026-08-28,P,34.0,931,549,1.43359658203125,0.43,0.42,0.45
IREN,2026-08-21,2026-08-28,P,34.5,473,246,1.4140654296875002,0.52,0.48,0.52
IREN,2026-08-21,2026-08-28,P,35.0,2703,2931,1.4296903515625,0.6,0.59,0.63
IREN,2026-08-21,2026-08-28,P,35.5,273,110,1.443362158203125,0.73,0.72,0.75
IREN,2026-08-21,2026-08-28,P,36.0,3497,1521,1.4472683886718751,0.88,0.84,0.88
IREN,2026-08-21,2026-08-28,P,36.5,752,278,1.4375028125,1.0,0.94,1.02
IREN,2026-08-21,2026-08-28,P,37.0,1947,541,1.4589870800781248,1.15,1.12,1.2
IREN,2026-08-21,2026-08-28,P,37.5,1753,218,1.4570339648437498,1.26,1.3,1.34
IREN,2026-08-21,2026-08-28,P,38.0,2362,724,1.4677760986328123,1.5,1.48,1.55
IREN,2026-08-21,2026-08-28,P,38.5,769,253,1.486330693359375,1.74,1.69,1.79
IREN,2026-08-21,2026-08-28,P,39.0,1200,522,1.4990259423828123,1.97,1.93,2.01
IREN,2026-08-21,2026-08-28,P,39.5,894,267,1.51172119140625,2.23,2.16,2.27
IREN,2026-08-21,2026-08-28,P,40.0,6335,1150,1.5156274218749999,2.46,2.42,2.5
IREN,2026-08-21,2026-08-28,P,40.5,267,274,1.5302757861328122,2.75,2.7,2.78
IREN,2026-08-21,2026-08-28,P,41.0,2282,146,1.5488303808593749,2.91,2.98,3.1
IREN,2026-08-21,2026-08-28,P,41.5,1457,40,1.5380882470703123,3.2,3.2,3.4
IREN,2026-08-21,2026-08-28,P,42.0,5658,216,1.5683615332031249,3.65,3.55,3.75
IREN,2026-08-21,2026-08-28,P,42.5,521,10,1.5527366113281247,3.85,3.8,4.05
IREN,2026-08-21,2026-08-28,P,43.0,1093,50,1.5839864550781246,4.07,4.2,4.4
IREN,2026-08-21,2026-08-28,P,43.5,811,5,1.5820333398437496,4.42,4.5,4.75
IREN,2026-08-21,2026-08-28,P,44.0,1140,43,1.6015644921874999,4.8,4.9,5.1
IREN,2026-08-21,2026-08-28,P,44.5,240,4,1.615236298828125,5.78,5.25,5.5
IREN,2026-08-21,2026-08-28,P,45.0,2125,60,1.6533220458984377,5.77,5.7,5.9
IREN,2026-08-21,2026-08-28,P,45.5,142,167,1.6572282763671877,5.58,6.05,6.3
IREN,2026-08-21,2026-08-28,P,46.0,4673,35,1.65625171875,6.45,6.45,6.65
IREN,2026-08-21,2026-08-28,P,46.5,5,30,1.6962905810546878,6.8,6.9,7.1
IREN,2026-08-21,2026-08-28,P,47.0,418,21,1.7021499267578126,7.3,7.3,7.5
IREN,2026-08-21,2026-08-28,P,47.5,51,51,1.7353528857421874,7.25,7.7,8.0
IREN,2026-08-21,2026-08-28,P,48.0,1267,30,1.681642216796875,8.07,8.05,8.3
IREN,2026-08-21,2026-08-28,P,48.5,4,2,1.7763683056640622,8.5,8.6,8.85
IREN,2026-08-21,2026-08-28,P,49.0,4730,26,1.8007822460937497,8.89,9.05,9.3
IREN,2026-08-21,2026-08-28,P,50.0,557,33,1.765626171875,9.92,9.75,10.2
IREN,2026-08-21,2026-08-28,P,51.0,130,4,1.6367205664062499,10.64,10.3,11.1
IREN,2026-08-21,2026-08-28,P,52.0,71,10,1.8671881640625,12.03,11.25,12.45
IREN,2026-08-21,2026-08-28,P,53.0,89,56,1.798829130859375,12.65,12.3,13.05
IREN,2026-08-21,2026-08-28,P,54.0,74,1,1.859375703125,13.67,13.2,14.1
IREN,2026-08-21,2026-08-28,P,55.0,129,11,1.9179691601562503,14.85,14.25,15.0
IREN,2026-08-21,2026-08-28,P,60.0,88,1,2.3593791015624994,20.0,19.35,20.0
IREN,2026-08-21,2026-08-28,P,65.0,12,4,2.6679720800781253,23.43,23.65,25.65
IREN,2026-08-21,2026-08-28,P,70.0,10,1,2.9003933740234373,28.2,29.4,29.8
IREN,2026-08-21,2026-08-28,P,75.0,0,1,3.410157724609375,33.19,33.65,35.9
IREN,2026-08-21,2026-09-04,C,20.0,52,2,3.3261735595703117,24.33,19.35,21.8
IREN,2026-08-21,2026-09-04,C,21.0,1,1,3.1386740283203123,16.27,18.45,20.8
IREN,2026-08-21,2026-09-04,C,22.0,10,0,2.9589869775390625,22.77,17.4,19.8
IREN,2026-08-21,2026-09-04,C,24.0,1,1,1.7109389453125,16.6,16.1,17.0
IREN,2026-08-21,2026-09-04,C,25.0,26,2,2.0058643603515627,13.92,14.45,16.3
IREN,2026-08-21,2026-09-04,C,26.0,1,0,2.1953170117187497,16.1,13.4,15.65
IREN,2026-08-21,2026-09-04,C,28.0,1,0,2.127934367675781,14.94,11.5,13.95
IREN,2026-08-21,2026-09-04,C,29.0,4,1,1.5917989160156247,11.21,10.55,12.4
IREN,2026-08-21,2026-09-04,C,30.0,24,3,1.5468772656249998,11.48,10.1,11.5
IREN,2026-08-21,2026-09-04,C,30.5,1,0,1.125004375,11.9,9.9,11.25
IREN,2026-08-21,2026-09-04,C,31.0,49,2,1.017583037109375,10.77,9.45,10.6
IREN,2026-08-21,2026-09-04,C,32.0,50,2,0.8945323046874999,10.7,8.3,9.7
IREN,2026-08-21,2026-09-04,C,33.0,18,1,1.001958115234375,8.29,7.85,8.6
IREN,2026-08-21,2026-09-04,C,34.0,38,15,0.9960937890625,8.12,7.0,7.75
IREN,2026-08-21,2026-09-04,C,34.5,1,1,0.9853517089843751,7.8,6.5,7.4
IREN,2026-08-21,2026-09-04,C,35.0,139,5,0.9697268652343749,6.6,6.35,6.7
IREN,2026-08-21,2026-09-04,C,36.0,63,1,1.0205127099609377,6.8,5.6,6.15
IREN,2026-08-21,2026-09-04,C,36.5,1,1,1.0654343603515626,6.2,5.35,5.9
IREN,2026-08-21,2026-09-04,C,37.0,363,4,1.0498094384765626,5.5,5.0,5.5
IREN,2026-08-21,2026-09-04,C,37.5,1,2,1.0107471337890623,5.73,4.7,4.95
IREN,2026-08-21,2026-09-04,C,38.0,167,1,1.0068409033203123,4.27,4.35,4.65
IREN,2026-08-21,2026-09-04,C,38.5,11,1,1.0449266503906252,4.3,4.15,4.45
IREN,2026-08-21,2026-09-04,C,39.0,99,15,1.0664109179687502,4.05,3.95,4.2
IREN,2026-08-21,2026-09-04,C,39.5,12,14,1.056645341796875,3.55,3.65,3.9
IREN,2026-08-21,2026-09-04,C,40.0,1145,491,1.0683640332031252,3.5,3.45,3.65
IREN,2026-08-21,2026-09-04,C,40.5,16,196,1.0751999365234377,3.25,3.25,3.4
IREN,2026-08-21,2026-09-04,C,41.0,439,546,1.0605515722656251,3.25,3.0,3.1
IREN,2026-08-21,2026-09-04,C,41.5,126,69,1.0810592822265626,2.8,2.8,2.98
IREN,2026-08-21,2026-09-04,C,42.0,590,143,1.0703171484375003,2.65,2.6,2.7
IREN,2026-08-21,2026-09-04,C,42.5,106,20,1.0893600219726562,2.38,2.43,2.59
IREN,2026-08-21,2026-09-04,C,43.0,511,118,1.0947310888671877,2.5,2.27,2.41
IREN,2026-08-21,2026-09-04,C,43.5,149,34,1.115238798828125,2.18,2.15,2.3
IREN,2026-08-21,2026-09-04,C,44.0,717,126,1.091801416015625,2.11,1.9,2.09
IREN,2026-08-21,2026-09-04,C,44.5,112,23,1.11328568359375,1.97,1.84,1.96
IREN,2026-08-21,2026-09-04,C,45.0,1924,461,1.1162153564453123,1.8,1.71,1.82
IREN,2026-08-21,2026-09-04,C,45.5,88,37,1.1259809326171877,1.65,1.59,1.72
IREN,2026-08-21,2026-09-04,C,46.0,312,40,1.12891060546875,1.57,1.48,1.59
IREN,2026-08-21,2026-09-04,C,46.5,32,17,1.11328568359375,1.5,1.31,1.44
IREN,2026-08-21,2026-09-04,C,47.0,451,21,1.1347699511718752,1.34,1.27,1.37
IREN,2026-08-21,2026-09-04,C,47.5,13,1,1.1474652001953123,1.22,1.19,1.3
IREN,2026-08-21,2026-09-04,C,48.0,1854,195,1.1547893823242186,1.17,1.11,1.22
IREN,2026-08-21,2026-09-04,C,48.5,14,10,1.1577190551757814,1.05,1.03,1.13
IREN,2026-08-21,2026-09-04,C,49.0,365,56,1.162113564453125,0.95,0.95,1.06
IREN,2026-08-21,2026-09-04,C,49.5,38,3,1.173832255859375,0.86,0.9,1.0
IREN,2026-08-21,2026-09-04,C,50.0,6529,979,1.171879140625,0.86,0.85,0.89
IREN,2026-08-21,2026-09-04,C,51.0,266,68,1.1845743896484375,0.8,0.72,0.8
IREN,2026-08-21,2026-09-04,C,52.0,4098,89,1.2001993115234375,0.68,0.62,0.72
IREN,2026-08-21,2026-09-04,C,53.0,577,113,1.205082099609375,0.6,0.53,0.62
IREN,2026-08-21,2026-09-04,C,54.0,1131,32,1.224613251953125,0.48,0.46,0.57
IREN,2026-08-21,2026-09-04,C,55.0,2034,161,1.2168007910156249,0.43,0.4,0.45
IREN,2026-08-21,2026-09-04,C,60.0,1584,212,1.2675817871093749,0.21,0.2,0.24
IREN,2026-08-21,2026-09-04,C,65.0,727,10,1.3359408203124996,0.14,0.12,0.14
IREN,2026-08-21,2026-09-04,C,70.0,509,66,1.39453427734375,0.08,0.05,0.11
IREN,2026-08-21,2026-09-04,C,75.0,174,10,1.4453152734375,0.06,0.03,0.07
IREN,2026-08-21,2026-09-04,C,80.0,121,16,2.107426606445312,0.08,0.0,0.68
IREN,2026-08-21,2026-09-04,C,85.0,6,1,1.78125109375,0.05,0.0,0.15
IREN,2026-08-21,2026-09-04,P,20.0,1448,30,1.5625021874999998,0.03,0.0,0.03
IREN,2026-08-21,2026-09-04,P,21.0,128,8,1.5468772656249998,0.05,0.01,0.04
IREN,2026-08-21,2026-09-04,P,22.0,23,7,1.40625296875,0.06,0.0,0.04
IREN,2026-08-21,2026-09-04,P,23.0,184,10,1.46875265625,0.03,0.01,0.08
IREN,2026-08-21,2026-09-04,P,24.0,124,4,1.3906280468749999,0.05,0.01,0.09
IREN,2026-08-21,2026-09-04,P,25.0,347,2,1.3515657421874998,0.04,0.04,0.09
IREN,2026-08-21,2026-09-04,P,26.0,57,31,1.2656286718749998,0.07,0.05,0.09
IREN,2026-08-21,2026-09-04,P,27.0,120,25,1.2695349023437497,0.09,0.08,0.14
IREN,2026-08-21,2026-09-04,P,27.5,1,1,1.517580537109375,0.15,0.0,0.62
IREN,2026-08-21,2026-09-04,P,28.0,270,1,1.22266013671875,0.16,0.1,0.17
IREN,2026-08-21,2026-09-04,P,28.5,10,14,1.2851598242187499,0.09,0.0,0.42
IREN,2026-08-21,2026-09-04,P,29.0,329,22,1.1640666796875,0.21,0.06,0.26
IREN,2026-08-21,2026-09-04,P,29.5,33,34,1.1953165234375,0.22,0.18,0.26
IREN,2026-08-21,2026-09-04,P,30.0,1129,47,1.185550947265625,0.25,0.21,0.3
IREN,2026-08-21,2026-09-04,P,30.5,4,7,1.15625421875,0.28,0.27,0.28
IREN,2026-08-21,2026-09-04,P,31.0,719,57,1.171879140625,0.34,0.28,0.41
IREN,2026-08-21,2026-09-04,P,31.5,6,15,1.1611370068359377,0.39,0.37,0.42
IREN,2026-08-21,2026-09-04,P,32.0,346,36,1.1660197949218751,0.5,0.42,0.52
IREN,2026-08-21,2026-09-04,P,32.5,28,8,1.169926025390625,0.51,0.51,0.6
IREN,2026-08-21,2026-09-04,P,33.0,1909,22,1.162113564453125,0.6,0.57,0.69
IREN,2026-08-21,2026-09-04,P,33.5,7,9,1.169926025390625,0.84,0.65,0.83
IREN,2026-08-21,2026-09-04,P,34.0,545,41,1.171879140625,0.85,0.78,0.92
IREN,2026-08-21,2026-09-04,P,34.5,13,30,1.1679729101562502,1.02,0.88,1.04
IREN,2026-08-21,2026-09-04,P,35.0,1297,124,1.1591838916015624,1.08,1.03,1.11
IREN,2026-08-21,2026-09-04,P,35.5,20,9,1.171879140625,1.14,1.17,1.3
IREN,2026-08-21,2026-09-04,P,36.0,2181,111,1.1669963525390625,1.34,1.31,1.44
IREN,2026-08-21,2026-09-04,P,36.5,19,11,1.1845743896484375,1.5,1.49,1.67
IREN,2026-08-21,2026-09-04,P,37.0,416,53,1.1704143041992188,1.7,1.64,1.8
IREN,2026-08-21,2026-09-04,P,37.5,164,32,1.173832255859375,1.87,1.84,1.99
IREN,2026-08-21,2026-09-04,P,38.0,640,35,1.189457177734375,2.15,2.09,2.22
IREN,2026-08-21,2026-09-04,P,38.5,93,21,1.1962930810546877,2.3,2.29,2.48
IREN,2026-08-21,2026-09-04,P,39.0,576,49,1.1948282446289062,2.48,2.53,2.68
IREN,2026-08-21,2026-09-04,P,39.5,35,59,1.2089883300781248,2.79,2.79,2.97
IREN,2026-08-21,2026-09-04,P,40.0,1170,120,1.2168007910156249,3.1,3.1,3.2
IREN,2026-08-21,2026-09-04,P,40.5,59,44,1.205082099609375,3.35,3.25,3.5
IREN,2026-08-21,2026-09-04,P,41.0,245,61,1.206546936035156,3.61,3.55,3.75
IREN,2026-08-21,2026-09-04,P,41.5,73,16,1.2128945605468748,3.82,3.85,4.05
IREN,2026-08-21,2026-09-04,P,42.0,435,13,1.224613251953125,3.99,4.15,4.4
IREN,2026-08-21,2026-09-04,P,42.5,34,12,1.231937434082031,4.55,4.5,4.7
IREN,2026-08-21,2026-09-04,P,43.0,212,39,1.2192421850585937,4.95,4.75,5.0
IREN,2026-08-21,2026-09-04,P,43.5,26,1,1.2290077612304686,5.35,5.1,5.35
IREN,2026-08-21,2026-09-04,P,44.0,255,12,1.2353553857421873,5.36,5.45,5.7
IREN,2026-08-21,2026-09-04,P,44.5,5,3,1.255863095703125,5.79,5.85,6.1
IREN,2026-08-21,2026-09-04,P,45.0,218,13,1.2656286718749998,6.27,6.2,6.5
IREN,2026-08-21,2026-09-04,P,45.5,3,1,1.272464575195312,7.05,6.6,6.85
IREN,2026-08-21,2026-09-04,P,46.0,155,20,1.2578162109375,7.2,6.9,7.2
IREN,2026-08-21,2026-09-04,P,46.5,1,1,1.2490271923828122,6.6,7.15,7.65
IREN,2026-08-21,2026-09-04,P,47.0,73,13,1.2661169506835934,7.99,7.5,8.15
IREN,2026-08-21,2026-09-04,P,47.5,8,6,1.2314491552734375,5.0,7.85,8.4
IREN,2026-08-21,2026-09-04,P,48.0,109,9,1.25390998046875,8.48,8.3,8.85
IREN,2026-08-21,2026-09-04,P,48.5,1,1,1.2841832666015622,9.47,8.7,9.4
IREN,2026-08-21,2026-09-04,P,49.0,195,25,1.29297228515625,9.29,9.15,9.8
IREN,2026-08-21,2026-09-04,P,50.0,306,8,1.2812535937499998,10.59,9.95,10.6
IREN,2026-08-21,2026-09-04,P,51.0,77,4,1.3750031249999999,11.07,11.1,11.55
IREN,2026-08-21,2026-09-04,P,52.0,72,4,1.3857452587890622,12.03,11.95,12.45
IREN,2026-08-21,2026-09-04,P,53.0,55,4,1.4257841210937499,13.03,12.75,13.55
IREN,2026-08-21,2026-09-04,P,54.0,66,1,1.3828155859374998,13.85,13.55,14.35
IREN,2026-08-21,2026-09-04,P,55.0,213,5,1.4121123144531251,14.78,14.5,15.3
IREN,2026-08-21,2026-09-04,P,60.0,47,7,1.541017919921875,18.97,19.25,20.15
IREN,2026-08-21,2026-09-04,P,65.0,2,2,1.6582048339843751,23.3,23.35,25.8
IREN,2026-08-21,2026-09-04,P,70.0,6,0,1.873047509765625,32.6,28.3,30.9
IREN,2026-08-21,2026-09-11,C,20.0,2,1,2.0605517236328126,22.9,19.4,21.2
IREN,2026-08-21,2026-09-11,C,25.0,3,2,2.02344244140625,16.75,14.45,16.9
IREN,2026-08-21,2026-09-11,C,29.0,1,0,1.3876983740234374,11.84,10.85,12.6
IREN,2026-08-21,2026-09-11,C,30.0,8,1,0.8320329296874999,12.1,10.4,11.55
IREN,2026-08-21,2026-09-11,C,32.0,4,5,0.9414068359375,10.28,8.25,10.4
IREN,2026-08-21,2026-09-11,C,33.0,1,1,0.9794923925781251,8.85,7.5,9.65
IREN,2026-08-21,2026-09-11,C,34.0,2,2,0.98242205078125,8.61,7.25,8.35
IREN,2026-08-21,2026-09-11,C,35.0,126,1,0.9873048144531251,7.8,6.8,7.35
IREN,2026-08-21,2026-09-11,C,36.0,11,5,0.9853517089843751,7.3,6.1,6.65
IREN,2026-08-21,2026-09-11,C,37.0,18,5,0.9697268652343749,6.37,5.45,5.9
IREN,2026-08-21,2026-09-11,C,38.0,83,2,0.9570316796874999,5.35,4.8,5.25
IREN,2026-08-21,2026-09-11,C,39.0,91,32,0.9750979052734375,4.68,4.4,4.65
IREN,2026-08-21,2026-09-11,C,40.0,710,96,0.965820654296875,4.13,3.9,4.05
IREN,2026-08-21,2026-09-11,C,41.0,568,7,0.9848634326171876,3.85,3.4,3.75
IREN,2026-08-21,2026-09-11,C,42.0,229,31,1.0053760668945313,3.26,3.1,3.35
IREN,2026-08-21,2026-09-11,C,43.0,198,9,1.0190478735351562,2.62,2.73,3.05
IREN,2026-08-21,2026-09-11,C,44.0,149,38,1.0161182006835938,2.44,2.43,2.63
IREN,2026-08-21,2026-09-11,C,45.0,589,46,1.021489267578125,2.3,2.14,2.33
IREN,2026-08-21,2026-09-11,C,46.0,426,38,1.0405321411132817,2.0,1.93,2.11
IREN,2026-08-21,2026-09-11,C,47.0,246,7,1.0502977172851562,1.79,1.71,1.89
IREN,2026-08-21,2026-09-11,C,48.0,338,25,1.0537156689453124,1.58,1.5,1.67
IREN,2026-08-21,2026-09-11,C,49.0,176,15,1.0542039477539062,1.36,1.34,1.43
IREN,2026-08-21,2026-09-11,C,50.0,1070,327,1.0727585424804689,1.25,1.18,1.34
IREN,2026-08-21,2026-09-11,C,51.0,105,20,1.0771530517578127,1.1,1.05,1.17
IREN,2026-08-21,2026-09-11,C,52.0,389,9,1.0742233789062503,1.0,0.91,1.01
IREN,2026-08-21,2026-09-11,C,53.0,139,9,1.0927779736328125,0.83,0.81,0.95
IREN,2026-08-21,2026-09-11,C,54.0,161,8,1.1010787133789064,0.8,0.72,0.85
IREN,2026-08-21,2026-09-11,C,55.0,1471,71,1.111332568359375,0.69,0.63,0.78
IREN,2026-08-21,2026-09-11,C,60.0,859,130,1.1484417578125,0.44,0.38,0.43
IREN,2026-08-21,2026-09-11,C,65.0,526,183,1.203128984375,0.23,0.22,0.3
IREN,2026-08-21,2026-09-11,C,70.0,42,18,1.2148476757812499,0.15,0.1,0.19
IREN,2026-08-21,2026-09-11,C,75.0,100,11,1.3789093554687497,0.17,0.0,0.35
IREN,2026-08-21,2026-09-11,P,20.0,35,125,1.2812535937499998,0.02,0.0,0.04
IREN,2026-08-21,2026-09-11,P,22.0,113,1,1.8281258593749998,0.06,0.0,0.75
IREN,2026-08-21,2026-09-11,P,23.0,28,6,1.2734411328124997,0.05,0.01,0.15
IREN,2026-08-21,2026-09-11,P,24.0,54,21,1.609376953125,0.08,0.0,0.75
IREN,2026-08-21,2026-09-11,P,25.0,344,11,1.171879140625,0.22,0.02,0.2
IREN,2026-08-21,2026-09-11,P,26.0,148,10,1.3339877050781246,0.17,0.0,0.6
IREN,2026-08-21,2026-09-11,P,27.0,255,2,1.1035201074218752,0.2,0.07,0.28
IREN,2026-08-21,2026-09-11,P,28.0,144,1,1.109379453125,0.26,0.2,0.31
IREN,2026-08-21,2026-09-11,P,29.0,89,15,1.0859420703125,0.35,0.28,0.37
IREN,2026-08-21,2026-09-11,P,30.0,399,12,1.0634812451171878,0.4,0.35,0.47
IREN,2026-08-21,2026-09-11,P,31.0,179,5,1.0781296093750001,0.54,0.5,0.65
IREN,2026-08-21,2026-09-11,P,32.0,1741,4,1.0576218994140625,0.83,0.62,0.8
IREN,2026-08-21,2026-09-11,P,33.0,640,18,1.0537156689453124,1.11,0.82,0.99
IREN,2026-08-21,2026-09-11,P,34.0,184,28,1.0644578027343752,1.15,1.11,1.24
IREN,2026-08-21,2026-09-11,P,35.0,794,57,1.0561570629882815,1.43,1.37,1.5
IREN,2026-08-21,2026-09-11,P,36.0,531,18,1.0654343603515626,1.76,1.68,1.89
IREN,2026-08-21,2026-09-11,P,37.0,449,37,1.056645341796875,2.1,2.03,2.22
IREN,2026-08-21,2026-09-11,P,38.0,527,19,1.0615281298828125,2.53,2.43,2.67
IREN,2026-08-21,2026-09-11,P,39.0,261,9,1.076664772949219,3.08,2.91,3.2
IREN,2026-08-21,2026-09-11,P,40.0,667,59,1.076664772949219,3.55,3.45,3.65
IREN,2026-08-21,2026-09-11,P,41.0,118,12,1.0737351000976565,4.1,3.9,4.25
IREN,2026-08-21,2026-09-11,P,42.0,288,4,1.080571003417969,4.57,4.5,4.85
IREN,2026-08-21,2026-09-11,P,43.0,168,7,1.0976607617187502,5.25,5.2,5.5
IREN,2026-08-21,2026-09-11,P,44.0,459,2,1.1049849438476564,6.45,5.9,6.15
IREN,2026-08-21,2026-09-11,P,45.0,245,4,1.1108442895507813,6.7,6.55,6.9
IREN,2026-08-21,2026-09-11,P,46.0,115,10,1.1435589697265625,7.48,7.4,7.7
IREN,2026-08-21,2026-09-11,P,47.0,140,5,1.1328168359375002,8.43,8.1,8.4
IREN,2026-08-21,2026-09-11,P,48.0,78,3,1.129398884277344,7.93,8.7,9.3
IREN,2026-08-21,2026-09-11,P,49.0,30,1,1.1254926538085939,10.12,9.4,10.15
IREN,2026-08-21,2026-09-11,P,50.0,118,6,1.1552776611328124,10.41,10.4,10.95
IREN,2026-08-21,2026-09-11,P,51.0,138,2,1.1723674194335936,11.34,11.25,11.85
IREN,2026-08-21,2026-09-11,P,52.0,72,26,1.2714880175781247,11.83,11.85,13.5
IREN,2026-08-21,2026-09-11,P,53.0,68,3,1.2373085009765623,13.43,12.85,14.0
IREN,2026-08-21,2026-09-11,P,54.0,35,4,1.1416058544921874,13.23,13.3,14.8
IREN,2026-08-21,2026-09-11,P,55.0,40,18,1.2412147314453121,14.25,14.1,16.25
IREN,2026-08-21,2026-09-11,P,60.0,50,13,1.3320345898437496,19.12,19.6,20.2
IREN,2026-08-21,2026-09-11,P,65.0,14,20,1.3359408203124996,21.75,23.35,25.85
IREN,2026-08-21,2026-09-18,C,15.0,90,1,3.1914082714843746,25.92,24.55,27.0
IREN,2026-08-21,2026-09-18,C,18.0,120,16,2.5742223144531247,23.73,21.35,23.85
IREN,2026-08-21,2026-09-18,C,19.0,1670,2,2.464847587890625,23.08,20.5,22.9
IREN,2026-08-21,2026-09-18,C,20.0,84,4,2.2939495776367185,25.25,19.7,21.85
IREN,2026-08-21,2026-09-18,C,21.0,0,1,2.1972701318359373,22.7,17.75,20.9
IREN,2026-08-21,2026-09-18,C,22.0,8,1,1.7314466552734376,17.72,16.65,19.4
IREN,2026-08-21,2026-09-18,C,23.0,32,4,1.7001968115234376,21.93,16.65,18.5
IREN,2026-08-21,2026-09-18,C,24.0,4,4,1.4140654296875002,17.83,16.3,17.25
IREN,2026-08-21,2026-09-18,C,25.0,277,2,1.3623078759765623,16.07,15.3,16.3
IREN,2026-08-21,2026-09-18,C,26.0,9,40,1.5986348193359374,15.0,13.8,15.85
IREN,2026-08-21,2026-09-18,C,27.0,273,1,0.9101571484375,14.76,13.45,14.5
IREN,2026-08-21,2026-09-18,C,28.0,78,6,0.6875031250000001,14.1,12.15,13.6
IREN,2026-08-21,2026-09-18,C,29.0,365,2,0.8007832421875,13.17,11.25,12.75
IREN,2026-08-21,2026-09-18,C,30.0,1190,6,0.945313046875,11.02,10.95,11.65
IREN,2026-08-21,2026-09-18,C,31.0,314,2,0.93164130859375,10.38,10.1,10.75
IREN,2026-08-21,2026-09-18,C,32.0,107,30,0.9511723632812499,9.7,9.35,9.95
IREN,2026-08-21,2026-09-18,C,33.0,92,1,0.989257919921875,8.75,8.55,9.4
IREN,2026-08-21,2026-09-18,C,34.0,199,1,0.9501958105468749,7.75,7.85,8.4
IREN,2026-08-21,2026-09-18,C,35.0,1056,3,0.9516606396484374,7.0,7.15,7.7
IREN,2026-08-21,2026-09-18,C,36.0,1588,76,0.9624027197265624,6.65,6.65,6.95
IREN,2026-08-21,2026-09-18,C,37.0,927,1,0.948242705078125,6.53,6.0,6.25
IREN,2026-08-21,2026-09-18,C,38.0,621,5,0.9565434033203124,5.4,5.45,5.7
IREN,2026-08-21,2026-09-18,C,39.0,484,15,0.9663089306640625,5.2,4.95,5.2
IREN,2026-08-21,2026-09-18,C,40.0,8620,2163,0.9780275634765626,4.7,4.5,4.75
IREN,2026-08-21,2026-09-18,C,41.0,1371,79,0.9804689453125001,4.35,4.05,4.3
IREN,2026-08-21,2026-09-18,C,42.0,1764,101,0.9802248071289064,3.76,3.65,3.85
IREN,2026-08-21,2026-09-18,C,43.0,1035,30,0.983398603515625,3.5,3.3,3.45
IREN,2026-08-21,2026-09-18,C,44.0,2121,18,0.9995117236328125,3.15,2.98,3.2
IREN,2026-08-21,2026-09-18,C,45.0,10381,659,1.0078174609375,2.77,2.75,2.85
IREN,2026-08-21,2026-09-18,C,46.0,1918,82,1.0078174609375,2.55,2.42,2.59
IREN,2026-08-21,2026-09-18,C,47.0,2017,134,1.0161182006835938,2.28,2.2,2.34
IREN,2026-08-21,2026-09-18,C,48.0,2457,94,1.01953615234375,2.1,1.98,2.1
IREN,2026-08-21,2026-09-18,C,49.0,1758,98,1.027836892089844,1.88,1.78,1.92
IREN,2026-08-21,2026-09-18,C,50.0,30328,812,1.0351610742187503,1.69,1.61,1.74
IREN,2026-08-21,2026-09-18,C,55.0,10466,227,1.0678757543945316,1.05,1.0,1.05
IREN,2026-08-21,2026-09-18,C,60.0,14371,1004,1.1015669921875002,0.65,0.61,0.68
IREN,2026-08-21,2026-09-18,C,65.0,32477,191,1.1357465087890626,0.45,0.4,0.44
IREN,2026-08-21,2026-09-18,C,70.0,16040,160,1.1591838916015624,0.27,0.25,0.29
IREN,2026-08-21,2026-09-18,C,75.0,8000,10,1.18359783203125,0.18,0.15,0.21
IREN,2026-08-21,2026-09-18,C,80.0,4341,3,1.2656286718749998,0.15,0.09,0.24
IREN,2026-08-21,2026-09-18,C,85.0,4111,34,1.3339877050781246,0.13,0.1,0.2
IREN,2026-08-21,2026-09-18,C,90.0,6974,41,1.3085972070312497,0.08,0.07,0.1
IREN,2026-08-21,2026-09-18,C,95.0,1174,1,1.3828155859374998,0.06,0.01,0.16
IREN,2026-08-21,2026-09-18,C,100.0,4898,131,1.4882838085937498,0.1,0.05,0.16
IREN,2026-08-21,2026-09-18,C,105.0,1458,16,1.4921900390624998,0.08,0.0,0.15
IREN,2026-08-21,2026-09-18,C,110.0,2962,1,1.4609401953124999,0.05,0.04,0.05
IREN,2026-08-21,2026-09-18,C,115.0,116,1,1.5781271093749998,0.14,0.0,0.13
IREN,2026-08-21,2026-09-18,C,120.0,864,2,1.6484392578125,0.06,0.0,0.14
IREN,2026-08-21,2026-09-18,C,125.0,992,49,1.40625296875,0.01,0.0,0.02
IREN,2026-08-21,2026-09-18,C,130.0,774,49,1.4375028125,0.06,0.0,0.02
IREN,2026-08-21,2026-09-18,C,135.0,101,35,1.46875265625,0.01,0.0,0.02
IREN,2026-08-21,2026-09-18,C,140.0,240,20,1.5312523437499999,0.02,0.0,0.02
IREN,2026-08-21,2026-09-18,P,15.0,1421,2,1.5781271093749998,0.03,0.02,0.04
IREN,2026-08-21,2026-09-18,P,18.0,698,20,1.3984405078125,0.04,0.0,0.1
IREN,2026-08-21,2026-09-18,P,19.0,1408,6,1.3515657421874998,0.06,0.01,0.11
IREN,2026-08-21,2026-09-18,P,20.0,50097,7,1.2500037499999999,0.11,0.04,0.07
IREN,2026-08-21,2026-09-18,P,21.0,1442,5,1.25390998046875,0.07,0.02,0.15
IREN,2026-08-21,2026-09-18,P,22.0,10954,65,1.1757853710937498,0.1,0.07,0.1
IREN,2026-08-21,2026-09-18,P,23.0,2411,1,1.1367230664062502,0.11,0.08,0.13
IREN,2026-08-21,2026-09-18,P,24.0,371,13,1.1347699511718752,0.17,0.13,0.17
IREN,2026-08-21,2026-09-18,P,25.0,6275,12,1.12109814453125,0.2,0.17,0.23
IREN,2026-08-21,2026-09-18,P,26.0,1004,10,1.076176494140625,0.27,0.2,0.26
IREN,2026-08-21,2026-09-18,P,27.0,3206,11,1.08203583984375,0.34,0.3,0.35
IREN,2026-08-21,2026-09-18,P,28.0,1891,26,1.0722702636718753,0.4,0.39,0.45
IREN,2026-08-21,2026-09-18,P,29.0,2696,4,1.0556687841796877,0.52,0.49,0.56
IREN,2026-08-21,2026-09-18,P,30.0,16330,84,1.0478563232421876,0.65,0.65,0.68
IREN,2026-08-21,2026-09-18,P,31.0,6642,16,1.0444383715820313,0.84,0.83,0.85
IREN,2026-08-21,2026-09-18,P,32.0,7975,82,1.0312548437500002,1.03,0.99,1.05
IREN,2026-08-21,2026-09-18,P,33.0,1979,102,1.0346727954101564,1.25,1.24,1.31
IREN,2026-08-21,2026-09-18,P,34.0,12033,119,1.0263720556640625,1.5,1.47,1.59
IREN,2026-08-21,2026-09-18,P,35.0,7343,154,1.0390673046875003,1.88,1.85,1.93
IREN,2026-08-21,2026-09-18,P,36.0,6824,58,1.0288134497070316,2.25,2.15,2.27
IREN,2026-08-21,2026-09-18,P,37.0,2699,17,1.0332079589843752,2.62,2.55,2.69
IREN,2026-08-21,2026-09-18,P,38.0,1754,58,1.0449266503906252,3.05,3.0,3.2
IREN,2026-08-21,2026-09-18,P,39.0,1691,35,1.040043862304688,3.52,3.45,3.65
IREN,2026-08-21,2026-09-18,P,40.0,11016,245,1.0498094384765626,4.1,4.0,4.2
IREN,2026-08-21,2026-09-18,P,41.0,1293,29,1.062992966308594,4.55,4.65,4.75
IREN,2026-08-21,2026-09-18,P,42.0,1570,57,1.0502977172851562,5.2,5.15,5.3
IREN,2026-08-21,2026-09-18,P,43.0,736,5,1.070805427246094,5.85,5.85,6.0
IREN,2026-08-21,2026-09-18,P,44.0,726,4,1.066899196777344,6.55,6.45,6.65
IREN,2026-08-21,2026-09-18,P,45.0,6517,26,1.0673874755859378,7.1,7.1,7.35
IREN,2026-08-21,2026-09-18,P,46.0,740,6,1.091801416015625,8.1,7.9,8.15
IREN,2026-08-21,2026-09-18,P,47.0,691,3,1.0800827246093752,8.95,8.55,8.85
IREN,2026-08-21,2026-09-18,P,48.0,851,23,1.1303754418945315,9.55,9.55,9.75
IREN,2026-08-21,2026-09-18,P,49.0,354,4,1.0683640332031252,10.48,9.9,10.45
IREN,2026-08-21,2026-09-18,P,50.0,3505,34,1.0971724829101563,11.08,10.9,11.25
IREN,2026-08-21,2026-09-18,P,55.0,2178,547,1.1767619287109374,15.4,15.3,15.75
IREN,2026-08-21,2026-09-18,P,60.0,19292,40,1.16016044921875,20.35,19.45,20.45
IREN,2026-08-21,2026-09-18,P,65.0,6224,5,1.272464575195312,24.95,24.6,25.1
IREN,2026-08-21,2026-09-18,P,70.0,690,1,1.2880894970703123,28.6,29.2,30.05
IREN,2026-08-21,2026-09-18,P,75.0,3178,6,1.3378939355468746,41.89,34.0,35.05
IREN,2026-08-21,2026-09-18,P,80.0,451,1,1.5634787451171874,48.54,39.4,40.0
IREN,2026-08-21,2026-09-18,P,85.0,640,7,1.615236298828125,41.94,43.35,45.9
IREN,2026-08-21,2026-09-18,P,90.0,0,1,1.0000000000000003e-05,39.55,0.0,0.0
IREN,2026-08-21,2026-09-18,P,95.0,0,1,1.5664084179687499,43.24,52.6,56.15
IREN,2026-08-21,2026-09-18,P,100.0,0,6,1.607423837890625,60.25,57.85,60.85
IREN,2026-08-21,2026-09-18,P,105.0,0,1,1.50390873046875,71.71,62.6,65.9
IREN,2026-08-21,2026-09-18,P,110.0,0,5,1.7421887890624999,73.1,67.6,71.1
IREN,2026-08-21,2026-09-18,P,120.0,0,2,1.2812535937499998,61.48,77.5,80.85
IREN,2026-08-21,2026-09-18,P,125.0,0,2,2.0976610058593748,66.24,82.5,86.5
IREN,2026-08-21,2026-09-18,P,130.0,0,2,2.9003933740234373,71.01,87.5,90.75
IREN,2026-08-21,2026-09-25,C,20.0,1,0,1.8427742236328122,24.0,19.7,21.55
IREN,2026-08-21,2026-09-25,C,29.0,1,1,1.01953615234375,16.85,11.7,13.35
IREN,2026-08-21,2026-09-25,C,30.0,38,1,0.8872081591796874,11.75,10.95,11.85
IREN,2026-08-21,2026-09-25,C,31.0,1,1,0.9096688720703124,10.8,10.25,11.0
IREN,2026-08-21,2026-09-25,C,33.0,3,7,0.9169930175781251,9.92,8.65,9.55
IREN,2026-08-21,2026-09-25,C,35.0,94,7,0.9750979052734375,8.6,7.6,8.25
IREN,2026-08-21,2026-09-25,C,36.0,16,1,0.9760744580078126,6.8,6.95,7.65
IREN,2026-08-21,2026-09-25,C,37.0,16,10,0.97460962890625,6.5,6.35,7.05
IREN,2026-08-21,2026-09-25,C,38.0,25,2,0.9707034179687499,5.83,5.8,6.45
IREN,2026-08-21,2026-09-25,C,39.0,44,3,0.9648441015625,5.3,5.3,5.85
IREN,2026-08-21,2026-09-25,C,40.0,171,50,0.9780275634765626,5.55,4.85,5.45
IREN,2026-08-21,2026-09-25,C,41.0,42,28,0.9887696435546875,4.83,4.5,5.0
IREN,2026-08-21,2026-09-25,C,42.0,218,35,0.9619144433593749,4.4,4.0,4.4
IREN,2026-08-21,2026-09-25,C,43.0,220,11,1.0056202062988282,3.79,3.7,4.35
IREN,2026-08-21,2026-09-25,C,44.0,136,20,0.9819337744140625,3.7,3.4,3.7
IREN,2026-08-21,2026-09-25,C,45.0,1023,104,0.9672854833984376,3.3,3.1,3.2
IREN,2026-08-21,2026-09-25,C,46.0,142,10,1.0026905334472658,3.5,2.68,3.35
IREN,2026-08-21,2026-09-25,C,47.0,53,6,1.0122119702148438,2.73,2.41,3.15
IREN,2026-08-21,2026-09-25,C,48.0,109,23,0.992187578125,2.17,2.26,2.6
IREN,2026-08-21,2026-09-25,C,49.0,78,1,1.021489267578125,2.26,2.01,2.64
IREN,2026-08-21,2026-09-25,C,50.0,423,31,1.0185595947265624,2.1,1.92,2.27
IREN,2026-08-21,2026-09-25,C,51.0,64,4,1.0346727954101564,1.65,1.73,2.2
IREN,2026-08-21,2026-09-25,C,52.0,49,7,1.0380907470703127,1.8,1.57,2.02
IREN,2026-08-21,2026-09-25,C,53.0,88,6,1.0263720556640625,1.6,1.34,1.82
IREN,2026-08-21,2026-09-25,C,55.0,2343,94,1.0385790258789065,1.34,1.25,1.42
IREN,2026-08-21,2026-09-25,C,60.0,326,43,1.0654343603515626,0.89,0.82,0.94
IREN,2026-08-21,2026-09-25,C,65.0,334,15,1.0976607617187502,0.6,0.54,0.67
IREN,2026-08-21,2026-09-25,C,70.0,562,14,1.109379453125,0.38,0.34,0.45
IREN,2026-08-21,2026-09-25,C,75.0,430,242,1.1357465087890626,0.29,0.26,0.3
IREN,2026-08-21,2026-09-25,P,20.0,95,1,1.09375453125,0.1,0.0,0.1
IREN,2026-08-21,2026-09-25,P,25.0,158,1,1.0683640332031252,0.37,0.22,0.34
IREN,2026-08-21,2026-09-25,P,28.0,96,123,1.0234423828125,0.55,0.51,0.59
IREN,2026-08-21,2026-09-25,P,29.0,2438,21,1.0078174609375,0.69,0.62,0.72
IREN,2026-08-21,2026-09-25,P,30.0,644,110,1.0185595947265624,0.84,0.8,0.95
IREN,2026-08-21,2026-09-25,P,31.0,372,34,1.0014698364257812,1.03,0.96,1.12
IREN,2026-08-21,2026-09-25,P,32.0,303,122,0.9951172363281251,1.28,1.17,1.35
IREN,2026-08-21,2026-09-25,P,33.0,363,10,0.991211025390625,1.62,1.43,1.6
IREN,2026-08-21,2026-09-25,P,34.0,300,116,0.9956055126953125,1.82,1.75,1.92
IREN,2026-08-21,2026-09-25,P,35.0,707,75,0.99804689453125,2.15,2.1,2.27
IREN,2026-08-21,2026-09-25,P,36.0,219,11,1.0014698364257812,2.6,2.44,2.71
IREN,2026-08-21,2026-09-25,P,37.0,216,12,1.0043995092773437,3.2,2.85,3.15
IREN,2026-08-21,2026-09-25,P,38.0,353,16,0.9936524072265626,3.45,3.35,3.45
IREN,2026-08-21,2026-09-25,P,39.0,257,37,1.0085498791503906,3.85,3.75,4.15
IREN,2026-08-21,2026-09-25,P,40.0,512,10,1.0048877880859375,4.55,4.2,4.7
IREN,2026-08-21,2026-09-25,P,41.0,73,45,1.0258837768554687,5.0,4.9,5.3
IREN,2026-08-21,2026-09-25,P,42.0,355,22,1.0090381579589844,5.79,5.3,5.9
IREN,2026-08-21,2026-09-25,P,43.0,55,9,1.0219775463867187,6.67,5.95,6.6
IREN,2026-08-21,2026-09-25,P,44.0,476,1,1.013676806640625,7.19,6.6,7.15
IREN,2026-08-21,2026-09-25,P,45.0,158,28,1.035649353027344,7.68,7.4,7.9
IREN,2026-08-21,2026-09-25,P,46.0,74,1,1.0268603344726563,7.94,7.95,8.65
IREN,2026-08-21,2026-09-25,P,47.0,6,8,1.0444383715820313,9.01,8.75,9.45
IREN,2026-08-21,2026-09-25,P,48.0,92,2,1.0307665649414064,10.17,9.35,10.2
IREN,2026-08-21,2026-09-25,P,49.0,41,1,1.0502977172851562,10.98,10.3,10.95
IREN,2026-08-21,2026-09-25,P,50.0,145,18,1.0551805053710939,11.33,11.05,11.8
IREN,2026-08-21,2026-09-25,P,51.0,13,7,1.0502977172851562,11.68,11.75,12.65
IREN,2026-08-21,2026-09-25,P,52.0,40,1,1.0468797656250002,13.06,12.6,13.4
IREN,2026-08-21,2026-09-25,P,53.0,24,4,1.0644578027343752,13.35,13.55,14.25
IREN,2026-08-21,2026-09-25,P,55.0,19,5,1.0581101782226563,15.58,15.15,16.0
IREN,2026-08-21,2026-09-25,P,60.0,34,2,1.1084028955078127,19.34,19.7,20.65
IREN,2026-08-21,2026-09-25,P,65.0,4,0,1.169926025390625,23.7,23.75,26.15
IREN,2026-08-21,2026-09-25,P,70.0,3,0,1.21875390625,26.45,28.5,31.05
IREN,2026-08-21,2026-10-02,C,30.0,22,22,0.9848634326171876,13.5,10.8,12.95
IREN,2026-08-21,2026-10-02,C,34.0,2,0,0.9677737597656251,12.15,8.55,9.3
IREN,2026-08-21,2026-10-02,C,35.0,6,6,0.9663089306640625,9.15,7.9,8.65
IREN,2026-08-21,2026-10-02,C,36.0,2,2,0.9682620361328125,8.35,7.3,8.05
IREN,2026-08-21,2026-10-02,C,37.0,5,1,0.9682620361328125,7.3,6.7,7.5
IREN,2026-08-21,2026-10-02,C,38.0,23,2,0.9418951123046875,6.3,6.1,6.75
IREN,2026-08-21,2026-10-02,C,39.0,14,2,0.9733889379882812,5.71,5.7,6.45
IREN,2026-08-21,2026-10-02,C,40.0,44,3,0.9689944506835937,4.9,5.25,5.9
IREN,2026-08-21,2026-10-02,C,41.0,47,2,0.98242205078125,4.8,4.85,5.55
IREN,2026-08-21,2026-10-02,C,42.0,63,13,0.9853517089843751,4.6,4.4,5.2
IREN,2026-08-21,2026-10-02,C,43.0,64,4,0.9829103271484375,4.25,4.0,4.8
IREN,2026-08-21,2026-10-02,C,44.0,60,22,0.9802248071289064,4.5,3.65,4.4
IREN,2026-08-21,2026-10-02,C,45.0,269,18,0.9960937890625,3.62,3.45,4.1
IREN,2026-08-21,2026-10-02,C,46.0,101,2,0.97460962890625,3.65,3.05,3.65
IREN,2026-08-21,2026-10-02,C,47.0,34,3,0.991211025390625,3.57,2.8,3.5
IREN,2026-08-21,2026-10-02,C,48.0,140,5,0.993164130859375,2.92,2.64,3.15
IREN,2026-08-21,2026-10-02,C,49.0,104,2,0.9953613745117188,3.39,2.32,3.0
IREN,2026-08-21,2026-10-02,C,50.0,662,18,1.0263720556640625,2.41,2.29,2.88
IREN,2026-08-21,2026-10-02,C,51.0,21,14,1.0122119702148438,2.22,2.02,2.59
IREN,2026-08-21,2026-10-02,C,52.0,9,4,1.0146533642578124,2.03,1.76,2.48
IREN,2026-08-21,2026-10-02,C,53.0,35,1,1.0112354125976561,2.31,1.61,2.24
IREN,2026-08-21,2026-10-02,C,55.0,30,27,1.0224658251953125,1.65,1.43,1.88
IREN,2026-08-21,2026-10-02,C,60.0,1027,13,1.0463914868164066,1.14,1.05,1.23
IREN,2026-08-21,2026-10-02,C,65.0,225,17,1.0703171484375003,0.8,0.73,0.87
IREN,2026-08-21,2026-10-02,C,70.0,482,35,1.123051259765625,0.71,0.4,0.89
IREN,2026-08-21,2026-10-02,C,75.0,160,15,1.1103560107421875,0.41,0.36,0.46
IREN,2026-08-21,2026-10-02,P,20.0,1,0,1.423831005859375,0.14,0.0,0.75
IREN,2026-08-21,2026-10-02,P,25.0,29,7,1.0351610742187503,0.37,0.33,0.41
IREN,2026-08-21,2026-10-02,P,30.0,222,27,0.9985351708984375,1.06,1.0,1.17
IREN,2026-08-21,2026-10-02,P,32.0,92,20,0.983398603515625,1.6,1.47,1.6
IREN,2026-08-21,2026-10-02,P,33.0,192,3,0.98437515625,1.88,1.69,1.98
IREN,2026-08-21,2026-10-02,P,34.0,148,5,0.9702151416015624,2.2,1.85,2.36
IREN,2026-08-21,2026-10-02,P,35.0,517,119,0.99023447265625,2.5,2.4,2.7
IREN,2026-08-21,2026-10-02,P,36.0,115,15,0.9799806689453125,2.95,2.7,3.1
IREN,2026-08-21,2026-10-02,P,37.0,110,18,0.9899903344726562,3.23,3.15,3.6
IREN,2026-08-21,2026-10-02,P,38.0,122,15,0.9975586181640624,3.75,3.65,4.1
IREN,2026-08-21,2026-10-02,P,39.0,76,3,0.9936524072265626,4.37,4.05,4.65
IREN,2026-08-21,2026-10-02,P,40.0,92,4,0.9697268652343749,5.17,4.5,5.0
IREN,2026-08-21,2026-10-02,P,41.0,66,7,0.9973144799804687,5.33,5.15,5.75
IREN,2026-08-21,2026-10-02,P,42.0,43,0,1.000005,5.2,5.75,6.35
IREN,2026-08-21,2026-10-02,P,43.0,13,2,0.9978027563476561,6.33,6.25,7.05
IREN,2026-08-21,2026-10-02,P,44.0,15,6,0.9997558618164062,7.01,6.9,7.7
IREN,2026-08-21,2026-10-02,P,45.0,42,1,1.0017139758300782,8.18,7.55,8.4
IREN,2026-08-21,2026-10-02,P,46.0,63,4,0.999023447265625,8.3,8.2,9.1
IREN,2026-08-21,2026-10-02,P,47.0,17,5,1.0112354125976561,9.2,9.0,9.85
IREN,2026-08-21,2026-10-02,P,48.0,2,0,1.009770576171875,7.11,9.7,10.6
IREN,2026-08-21,2026-10-02,P,49.0,2,0,1.0043995092773437,9.83,10.4,11.35
IREN,2026-08-21,2026-10-02,P,50.0,46,10,1.0202685705566408,11.27,11.3,12.15
IREN,2026-08-21,2026-10-02,P,51.0,2,1,1.017583037109375,12.0,12.05,12.95
IREN,2026-08-21,2026-10-02,P,52.0,1,0,1.0219775463867187,10.45,12.85,13.8
IREN,2026-08-21,2026-10-02,P,53.0,108,81,1.0288134497070316,12.87,13.7,14.65
IREN,2026-08-21,2026-10-02,P,55.0,8,7,1.0341845166015626,14.9,15.4,16.35
IREN,2026-08-21,2026-10-02,P,60.0,2,1,1.1264692114257815,20.6,19.75,21.45
IREN,2026-08-21,2026-10-16,C,18.0,10,4,1.861328818359375,26.8,20.85,24.0
IREN,2026-08-21,2026-10-16,C,19.0,7,1,1.78125109375,18.8,20.0,23.05
IREN,2026-08-21,2026-10-16,C,20.0,31,4,0.7656273437500001,20.37,20.1,21.6
IREN,2026-08-21,2026-10-16,C,21.0,3,1,1.4560574072265624,19.88,18.8,20.75
IREN,2026-08-21,2026-10-16,C,23.0,4,1,1.74609501953125,39.0,18.2,21.8
IREN,2026-08-21,2026-10-16,C,24.0,3,1,0.7832052929687501,13.19,16.1,17.85
IREN,2026-08-21,2026-10-16,C,25.0,137,1,0.9580082324218748,16.65,15.85,16.8
IREN,2026-08-21,2026-10-16,C,26.0,12,1,1.0244189404296877,18.99,14.95,16.3
IREN,2026-08-21,2026-10-16,C,27.0,5,1,0.93945373046875,15.97,13.9,15.25
IREN,2026-08-21,2026-10-16,C,28.0,40,1,0.928711650390625,19.15,13.05,14.4
IREN,2026-08-21,2026-10-16,C,29.0,25,7,0.9580082324218748,13.53,12.05,14.0
IREN,2026-08-21,2026-10-16,C,30.0,355,2,0.946289599609375,11.8,11.8,12.65
IREN,2026-08-21,2026-10-16,C,31.0,48,2,0.96679720703125,12.73,11.15,12.0
IREN,2026-08-21,2026-10-16,C,32.0,67,1,0.9428716650390624,11.22,10.45,11.1
IREN,2026-08-21,2026-10-16,C,33.0,73,1,0.9423833886718749,11.65,9.85,10.35
IREN,2026-08-21,2026-10-16,C,34.0,35,3,0.9609378906249999,10.34,9.25,9.85
IREN,2026-08-21,2026-10-16,C,35.0,532,4,0.9621585815429687,8.36,8.65,9.25
IREN,2026-08-21,2026-10-16,C,36.0,274,1,0.93945373046875,7.8,8.1,8.4
IREN,2026-08-21,2026-10-16,C,37.0,239,21,0.9355475195312499,7.95,7.5,7.85
IREN,2026-08-21,2026-10-16,C,38.0,378,9,0.9606937524414061,7.07,7.1,7.5
IREN,2026-08-21,2026-10-16,C,39.0,677,1,0.9589847851562499,6.66,6.65,6.95
IREN,2026-08-21,2026-10-16,C,40.0,2882,208,0.9526371923828124,6.3,6.15,6.45
IREN,2026-08-21,2026-10-16,C,41.0,478,81,0.9506840869140624,5.93,5.75,5.95
IREN,2026-08-21,2026-10-16,C,42.0,2097,140,0.9602054760742187,5.5,5.35,5.65
IREN,2026-08-21,2026-10-16,C,43.0,584,33,0.9697268652343749,5.2,5.05,5.3
IREN,2026-08-21,2026-10-16,C,44.0,678,5,0.975586181640625,4.7,4.7,5.0
IREN,2026-08-21,2026-10-16,C,45.0,3040,44,0.9697268652343749,4.49,4.35,4.6
IREN,2026-08-21,2026-10-16,C,46.0,484,86,0.9763185961914063,4.7,4.05,4.35
IREN,2026-08-21,2026-10-16,C,47.0,3986,12,0.971679970703125,3.95,3.75,4.0
IREN,2026-08-21,2026-10-16,C,48.0,356,52,0.9760744580078126,3.5,3.5,3.75
IREN,2026-08-21,2026-10-16,C,49.0,1112,2,0.9819337744140625,3.41,3.3,3.5
IREN,2026-08-21,2026-10-16,C,50.0,4050,221,0.9763185961914063,3.05,3.05,3.2
IREN,2026-08-21,2026-10-16,C,55.0,1759,35,1.0014698364257812,2.2,2.19,2.36
IREN,2026-08-21,2026-10-16,C,60.0,5293,223,1.0207568493652346,1.75,1.57,1.75
IREN,2026-08-21,2026-10-16,C,65.0,2590,117,1.0395555834960941,1.25,1.15,1.31
IREN,2026-08-21,2026-10-16,C,70.0,6011,70,1.0649460815429688,0.96,0.87,1.03
IREN,2026-08-21,2026-10-16,C,75.0,4033,27,1.08203583984375,0.76,0.66,0.79
IREN,2026-08-21,2026-10-16,C,80.0,5982,165,1.0976607617187502,0.55,0.5,0.62
IREN,2026-08-21,2026-10-16,C,85.0,1235,1,1.1367230664062502,0.45,0.38,0.6
IREN,2026-08-21,2026-10-16,C,90.0,11510,270,1.12891060546875,0.44,0.3,0.4
IREN,2026-08-21,2026-10-16,C,95.0,5059,10,1.1484417578125,0.32,0.04,0.54
IREN,2026-08-21,2026-10-16,C,100.0,5335,5,1.1777384863281248,0.2,0.22,0.29
IREN,2026-08-21,2026-10-16,C,105.0,856,6,1.1630901220703125,0.17,0.12,0.24
IREN,2026-08-21,2026-10-16,C,110.0,2327,1,1.2168007910156249,0.21,0.15,0.23
IREN,2026-08-21,2026-10-16,C,115.0,110,2,1.2500037499999999,0.11,0.0,0.36
IREN,2026-08-21,2026-10-16,C,120.0,129,1,1.2753942480468747,0.01,0.0,0.33
IREN,2026-08-21,2026-10-16,C,125.0,36,6,1.3398470507812497,0.18,0.0,0.38
IREN,2026-08-21,2026-10-16,C,130.0,232,10,1.51172119140625,0.08,0.08,0.63
IREN,2026-08-21,2026-10-16,C,135.0,10,20,1.400393623046875,0.08,0.03,0.33
IREN,2026-08-21,2026-10-16,C,140.0,106,1,1.2851598242187499,0.09,0.0,0.15
IREN,2026-08-21,2026-10-16,P,18.0,992,1,1.109379453125,0.15,0.09,0.15
IREN,2026-08-21,2026-10-16,P,19.0,66,3,1.0976607617187502,0.11,0.05,0.27
IREN,2026-08-21,2026-10-16,P,20.0,837,2,1.0703171484375003,0.19,0.14,0.25
IREN,2026-08-21,2026-10-16,P,21.0,101,5,1.056645341796875,0.21,0.12,0.38
IREN,2026-08-21,2026-10-16,P,22.0,376,1,1.0234423828125,0.31,0.18,0.4
IREN,2026-08-21,2026-10-16,P,23.0,397,5,0.992187578125,0.42,0.25,0.42
IREN,2026-08-21,2026-10-16,P,24.0,160,6,1.0166064794921876,0.51,0.45,0.52
IREN,2026-08-21,2026-10-16,P,25.0,1750,61,1.0127002490234376,0.6,0.57,0.65
IREN,2026-08-21,2026-10-16,P,26.0,159,4,1.0127002490234376,0.68,0.74,0.79
IREN,2026-08-21,2026-10-16,P,27.0,298,13,0.9970703417968749,0.82,0.84,0.96
IREN,2026-08-21,2026-10-16,P,28.0,432,16,0.993164130859375,1.07,1.05,1.13
IREN,2026-08-21,2026-10-16,P,29.0,520,5,1.000005,1.27,1.22,1.46
IREN,2026-08-21,2026-10-16,P,30.0,6808,62,0.9770510107421876,1.55,1.47,1.55
IREN,2026-08-21,2026-10-16,P,31.0,1850,7,0.98242205078125,1.79,1.73,1.89
IREN,2026-08-21,2026-10-16,P,32.0,709,10,0.9858399853515626,2.02,2.02,2.25
IREN,2026-08-21,2026-10-16,P,33.0,1787,8,0.9829103271484375,2.55,2.35,2.57
IREN,2026-08-21,2026-10-16,P,34.0,524,36,0.9770510107421876,2.78,2.74,2.86
IREN,2026-08-21,2026-10-16,P,35.0,2950,117,0.9726565234375,3.2,3.1,3.25
IREN,2026-08-21,2026-10-16,P,36.0,1294,40,0.9726565234375,3.8,3.45,3.75
IREN,2026-08-21,2026-10-16,P,37.0,2707,23,0.9760744580078126,4.0,3.95,4.2
IREN,2026-08-21,2026-10-16,P,38.0,921,3,0.9743654907226562,4.54,4.4,4.7
IREN,2026-08-21,2026-10-16,P,39.0,544,97,0.9848634326171876,5.1,5.05,5.2
IREN,2026-08-21,2026-10-16,P,40.0,2070,74,0.9865723999023439,5.7,5.6,5.75
IREN,2026-08-21,2026-10-16,P,41.0,5844,69,0.9919434399414062,6.23,6.2,6.35
IREN,2026-08-21,2026-10-16,P,42.0,896,46,0.9809572216796876,7.07,6.65,6.95
IREN,2026-08-21,2026-10-16,P,43.0,486,27,0.9904786108398438,7.25,7.4,7.55
IREN,2026-08-21,2026-10-16,P,44.0,312,15,0.9882813671875,8.15,8.0,8.2
IREN,2026-08-21,2026-10-16,P,45.0,1185,15,0.9985351708984375,8.55,8.75,8.9
IREN,2026-08-21,2026-10-16,P,46.0,346,1,1.0012256970214843,9.3,9.45,9.6
IREN,2026-08-21,2026-10-16,P,47.0,406,2,1.0090381579589844,10.27,10.2,10.35
IREN,2026-08-21,2026-10-16,P,48.0,2516,38,1.0014698364257812,10.85,10.85,11.05
IREN,2026-08-21,2026-10-16,P,49.0,225,3,1.01172369140625,12.03,11.65,11.85
IREN,2026-08-21,2026-10-16,P,50.0,2596,16,1.0024463940429689,12.4,12.35,12.55
IREN,2026-08-21,2026-10-16,P,55.0,2660,8,0.99804689453125,15.92,16.05,16.8
IREN,2026-08-21,2026-10-16,P,60.0,830,1,1.0141650854492186,17.6,20.45,21.15
IREN,2026-08-21,2026-10-16,P,65.0,261,4,1.0395555834960941,24.05,25.05,25.75
IREN,2026-08-21,2026-10-16,P,70.0,406,5,1.0742233789062503,27.0,29.6,30.7
IREN,2026-08-21,2026-10-16,P,75.0,41,5,1.3994170654296876,26.5,35.1,37.0
IREN,2026-08-21,2026-10-16,P,80.0,34,2,1.726808006591797,27.4,41.1,43.2
IREN,2026-08-21,2026-10-16,P,85.0,12,7,1.12109814453125,42.14,43.45,45.8
IREN,2026-08-21,2026-10-16,P,90.0,0,2,1.7907725305175783,34.81,50.65,52.7
IREN,2026-08-21,2026-10-16,P,95.0,0,3,1.2695349023437497,54.42,53.65,55.7
IREN,2026-08-21,2026-10-16,P,100.0,21,2,1.82421962890625,50.25,59.95,62.5
IREN,2026-08-21,2026-10-16,P,105.0,1,1,1.2949254003906248,48.42,62.9,66.15
IREN,2026-08-21,2026-11-20,C,18.0,21,1,0.9433599414062499,28.42,21.9,24.15
IREN,2026-08-21,2026-11-20,C,19.0,2,1,1.0410204199218753,17.39,21.05,23.45
IREN,2026-08-21,2026-11-20,C,20.0,86,1,0.8896495410156249,25.93,20.15,22.05
IREN,2026-08-21,2026-11-20,C,21.0,14,1,0.94726615234375,22.1,19.25,21.35
IREN,2026-08-21,2026-11-20,C,22.0,4,1,0.9765627343750001,21.55,18.45,20.55
IREN,2026-08-21,2026-11-20,C,23.0,8,2,7.871093911132812,33.21,37.85,40.65
IREN,2026-08-21,2026-11-20,C,24.0,10,1,0.9863282617187501,19.7,16.8,18.95
IREN,2026-08-21,2026-11-20,C,25.0,49,30,0.9697268652343749,16.4,16.05,18.0
IREN,2026-08-21,2026-11-20,C,26.0,1,1,0.9877930908203125,18.22,15.25,17.4
IREN,2026-08-21,2026-11-20,C,27.0,97,7,1.0297900073242188,22.65,15.15,16.4
IREN,2026-08-21,2026-11-20,C,28.0,17,1,0.9780275634765626,16.63,13.8,15.85
IREN,2026-08-21,2026-11-20,C,29.0,2,2,0.991211025390625,18.0,13.25,15.15
IREN,2026-08-21,2026-11-20,C,30.0,279,2,0.9797365307617188,14.45,13.1,13.85
IREN,2026-08-21,2026-11-20,C,31.0,38,3,0.9953613745117188,17.0,12.45,13.4
IREN,2026-08-21,2026-11-20,C,32.0,54,11,1.0014698364257812,9.77,12.0,12.7
IREN,2026-08-21,2026-11-20,C,33.0,329,3,1.0107471337890623,12.77,11.45,12.2
IREN,2026-08-21,2026-11-20,C,34.0,28,3,1.0043995092773437,12.17,10.85,11.6
IREN,2026-08-21,2026-11-20,C,35.0,377,10,0.9916993017578125,10.75,10.25,10.95
IREN,2026-08-21,2026-11-20,C,36.0,84,5,1.0009815576171874,10.65,9.8,10.5
IREN,2026-08-21,2026-11-20,C,37.0,170,12,1.0031788122558591,10.67,9.35,10.0
IREN,2026-08-21,2026-11-20,C,38.0,251,29,1.0058643457031249,8.82,8.9,9.55
IREN,2026-08-21,2026-11-20,C,39.0,350,6,1.0024463940429689,8.35,8.45,9.05
IREN,2026-08-21,2026-11-20,C,40.0,2564,30,1.0029346728515625,8.2,8.05,8.6
IREN,2026-08-21,2026-11-20,C,41.0,919,16,0.9943848217773439,7.85,7.7,8.0
IREN,2026-08-21,2026-11-20,C,42.0,5378,4,0.9995117236328125,7.55,7.25,7.75
IREN,2026-08-21,2026-11-20,C,43.0,727,6,1.002202254638672,7.17,6.95,7.35
IREN,2026-08-21,2026-11-20,C,44.0,436,21,0.9963379272460937,7.6,6.5,7.0
IREN,2026-08-21,2026-11-20,C,45.0,1862,56,1.0102588549804685,6.5,6.3,6.75
IREN,2026-08-21,2026-11-20,C,46.0,370,11,1.0127002490234376,6.0,6.0,6.45
IREN,2026-08-21,2026-11-20,C,47.0,388,100,1.0102588549804685,5.8,5.7,6.1
IREN,2026-08-21,2026-11-20,C,48.0,414,13,1.0061084851074216,5.6,5.4,5.75
IREN,2026-08-21,2026-11-20,C,49.0,471,184,1.0061084851074216,5.4,5.1,5.5
IREN,2026-08-21,2026-11-20,C,50.0,6194,540,1.0107471337890623,5.0,4.95,5.2
IREN,2026-08-21,2026-11-20,C,55.0,1784,37,1.0183154553222655,4.0,3.85,4.15
IREN,2026-08-21,2026-11-20,C,60.0,9756,110,1.0261279162597656,3.1,3.05,3.3
IREN,2026-08-21,2026-11-20,C,65.0,3138,11,1.0410204199218753,2.6,2.48,2.69
IREN,2026-08-21,2026-11-20,C,70.0,10480,15,1.052739111328125,1.96,2.01,2.21
IREN,2026-08-21,2026-11-20,C,75.0,2726,10,1.0625046875000002,1.8,1.66,1.8
IREN,2026-08-21,2026-11-20,C,80.0,3794,1,1.066655057373047,1.41,1.2,1.61
IREN,2026-08-21,2026-11-20,C,85.0,2049,1,1.0737351000976565,1.23,0.93,1.39
IREN,2026-08-21,2026-11-20,C,90.0,2950,2,1.08984830078125,0.96,0.8,1.2
IREN,2026-08-21,2026-11-20,C,95.0,284,12,1.0927779736328125,0.82,0.6,1.05
IREN,2026-08-21,2026-11-20,C,100.0,2087,5,1.1054732226562503,0.97,0.5,0.93
IREN,2026-08-21,2026-11-20,C,105.0,289,5,1.107426337890625,0.6,0.49,0.7
IREN,2026-08-21,2026-11-20,C,110.0,7883,10,1.1201215869140624,0.76,0.31,0.74
IREN,2026-08-21,2026-11-20,C,115.0,132,1,1.1279340478515625,0.55,0.25,0.66
IREN,2026-08-21,2026-11-20,C,120.0,375,1,1.1347699511718752,0.48,0.19,0.6
IREN,2026-08-21,2026-11-20,C,125.0,47,1,1.2060586572265624,0.61,0.01,0.95
IREN,2026-08-21,2026-11-20,C,130.0,1302,1,1.2568396533203123,0.5,0.0,1.05
IREN,2026-08-21,2026-11-20,C,135.0,156,1,1.2646521142578124,0.54,0.0,0.95
IREN,2026-08-21,2026-11-20,C,140.0,168,2,1.2817418725585936,0.23,0.0,0.9
IREN,2026-08-21,2026-11-20,P,18.0,746,17,1.0664109179687502,0.36,0.3,0.42
IREN,2026-08-21,2026-11-20,P,19.0,94,2,1.0654343603515626,0.46,0.34,0.59
IREN,2026-08-21,2026-11-20,P,20.0,636,4,1.0576218994140625,0.58,0.5,0.65
IREN,2026-08-21,2026-11-20,P,21.0,182,7,1.0576218994140625,0.72,0.6,0.84
IREN,2026-08-21,2026-11-20,P,22.0,161,3,1.0336962377929688,0.82,0.76,0.88
IREN,2026-08-21,2026-11-20,P,23.0,201,2,1.031743122558594,0.96,0.89,1.1
IREN,2026-08-21,2026-11-20,P,24.0,321,30,1.0205127099609377,1.19,0.98,1.34
IREN,2026-08-21,2026-11-20,P,25.0,1073,6,1.01172369140625,1.36,1.26,1.44
IREN,2026-08-21,2026-11-20,P,26.0,504,49,1.0131885278320314,1.16,1.41,1.79
IREN,2026-08-21,2026-11-20,P,27.0,144,7,1.0219775463867187,1.74,1.78,2.04
IREN,2026-08-21,2026-11-20,P,28.0,1015,221,1.0063526245117185,2.09,2.02,2.24
IREN,2026-08-21,2026-11-20,P,29.0,521,10,1.0095264367675783,2.37,2.41,2.52
IREN,2026-08-21,2026-11-20,P,30.0,6804,76,0.9897461962890625,2.75,2.56,2.84
IREN,2026-08-21,2026-11-20,P,31.0,454,30,1.0048877880859375,3.14,3.1,3.2
IREN,2026-08-21,2026-11-20,P,32.0,228,9,0.9858399853515626,3.52,3.25,3.6
IREN,2026-08-21,2026-11-20,P,33.0,2541,5,1.003667091064453,3.85,3.9,4.0
IREN,2026-08-21,2026-11-20,P,34.0,399,32,0.9826661889648438,4.5,4.05,4.45
IREN,2026-08-21,2026-11-20,P,35.0,1961,38,0.9924317163085938,4.8,4.65,4.9
IREN,2026-08-21,2026-11-20,P,36.0,485,74,0.9875489526367188,5.11,5.1,5.35
IREN,2026-08-21,2026-11-20,P,37.0,3578,6,0.9936524072265626,5.75,5.65,5.9
IREN,2026-08-21,2026-11-20,P,38.0,744,23,0.993164130859375,6.45,6.2,6.4
IREN,2026-08-21,2026-11-20,P,39.0,797,10,0.9899903344726562,6.7,6.7,6.95
IREN,2026-08-21,2026-11-20,P,40.0,3446,11,0.9970703417968749,7.49,7.35,7.55
IREN,2026-08-21,2026-11-20,P,41.0,1162,4,0.9951172363281251,7.77,7.95,8.1
IREN,2026-08-21,2026-11-20,P,42.0,1434,1,0.9907227490234375,8.55,8.45,8.75
IREN,2026-08-21,2026-11-20,P,43.0,802,2,0.9809572216796876,9.15,8.95,9.35
IREN,2026-08-21,2026-11-20,P,44.0,210,1,0.9782717016601563,9.77,9.55,10.0
IREN,2026-08-21,2026-11-20,P,45.0,3200,32,0.9799806689453125,10.03,10.15,10.75
IREN,2026-08-21,2026-11-20,P,46.0,394,2,0.98242205078125,11.18,10.9,11.4
IREN,2026-08-21,2026-11-20,P,47.0,1095,32,0.9860841235351563,11.3,11.65,12.1
IREN,2026-08-21,2026-11-20,P,48.0,354,1,0.9816896362304688,12.35,12.25,12.85
IREN,2026-08-21,2026-11-20,P,49.0,383,1,0.9816896362304688,13.05,13.0,13.55
IREN,2026-08-21,2026-11-20,P,50.0,707,3,0.9895020581054688,13.8,13.8,14.35
IREN,2026-08-21,2026-11-20,P,55.0,3405,1,0.9858399853515626,17.06,17.55,18.3
IREN,2026-08-21,2026-11-20,P,60.0,8994,1,0.9841310180664062,19.26,21.6,22.5
IREN,2026-08-21,2026-11-20,P,65.0,2115,3,0.9897461962890625,26.92,25.95,26.9
IREN,2026-08-21,2026-11-20,P,70.0,1876,1,0.9956055126953125,27.6,30.4,31.5
IREN,2026-08-21,2026-11-20,P,75.0,168,10,1.0717819848632817,36.9,35.2,36.7
IREN,2026-08-21,2026-11-20,P,80.0,2593,4,1.0351610742187503,36.71,39.3,41.55
IREN,2026-08-21,2026-11-20,P,85.0,392,1,0.9775392871093751,44.47,43.9,46.0
IREN,2026-08-21,2026-11-20,P,90.0,35,7,1.201175869140625,37.0,49.7,51.6
IREN,2026-08-21,2026-11-20,P,95.0,12,11,1.5832540368652341,41.3,55.65,59.3
IREN,2026-08-21,2026-11-20,P,100.0,0,12,1.0000000000000003e-05,43.3,0.0,0.0
IREN,2026-08-21,2026-11-20,P,110.0,0,2,1.08203583984375,76.43,68.35,70.85
IREN,2026-08-21,2026-12-18,C,3.0,114,6,3.9140627148437503,38.5,36.45,38.8
IREN,2026-08-21,2026-12-18,C,5.0,227,5,3.021486821289063,36.7,34.45,36.85
IREN,2026-08-21,2026-12-18,C,8.0,3333,6,2.355472861328124,31.65,31.3,33.95
IREN,2026-08-21,2026-12-18,C,10.0,4364,10,1.7626964990234375,31.55,29.75,31.5
IREN,2026-08-21,2026-12-18,C,12.0,1213,1,1.0429735351562504,36.95,27.75,30.1
IREN,2026-08-21,2026-12-18,C,15.0,1608,2,0.8632826171875,31.05,24.9,26.95
IREN,2026-08-21,2026-12-18,C,17.0,1339,1,0.989257919921875,26.2,23.15,25.25
IREN,2026-08-21,2026-12-18,C,20.0,2097,1,0.937500625,22.5,20.85,22.05
IREN,2026-08-21,2026-12-18,C,22.0,680,1,1.0439500927734378,21.81,19.55,20.75
IREN,2026-08-21,2026-12-18,C,25.0,2114,16,1.0058643457031249,19.34,17.05,18.45
IREN,2026-08-21,2026-12-18,C,27.0,1405,30,1.0127002490234376,20.0,15.9,16.9
IREN,2026-08-21,2026-12-18,C,30.0,1972,7,0.9899903344726562,13.88,14.0,14.7
IREN,2026-08-21,2026-12-18,C,31.0,1148,10,0.9965820654296875,14.0,13.4,14.2
IREN,2026-08-21,2026-12-18,C,32.0,474,2,0.9924317163085938,12.65,12.8,13.6
IREN,2026-08-21,2026-12-18,C,33.0,30,3,0.9924317163085938,12.5,12.25,13.05
IREN,2026-08-21,2026-12-18,C,34.0,132,1,0.9897461962890625,11.85,11.7,12.5
IREN,2026-08-21,2026-12-18,C,35.0,693,1,0.9907227490234375,11.29,11.25,11.95
IREN,2026-08-21,2026-12-18,C,36.0,84,2,0.9985351708984375,10.77,10.85,11.5
IREN,2026-08-21,2026-12-18,C,37.0,524,1,0.9882813671875,10.3,10.25,11.0
IREN,2026-08-21,2026-12-18,C,38.0,316,21,0.9853517089843751,10.21,9.8,10.5
IREN,2026-08-21,2026-12-18,C,39.0,172,8,0.9831544653320312,9.31,9.5,9.9
IREN,2026-08-21,2026-12-18,C,40.0,2389,43,0.9875489526367188,9.3,9.05,9.6
IREN,2026-08-21,2026-12-18,C,41.0,165,5,0.98437515625,8.9,8.75,9.05
IREN,2026-08-21,2026-12-18,C,42.0,415,10,0.9848634326171876,9.0,8.3,8.75
IREN,2026-08-21,2026-12-18,C,43.0,382,5,0.9890137817382813,7.65,8.0,8.4
IREN,2026-08-21,2026-12-18,C,44.0,105,4,0.9858399853515626,7.98,7.65,8.0
IREN,2026-08-21,2026-12-18,C,45.0,2045,94,0.9812013598632813,7.45,7.3,7.6
IREN,2026-08-21,2026-12-18,C,46.0,354,16,0.9887696435546875,6.97,6.9,7.5
IREN,2026-08-21,2026-12-18,C,47.0,325,125,0.989257919921875,6.99,6.7,7.1
IREN,2026-08-21,2026-12-18,C,48.0,161,3,0.9936524072265626,6.65,6.45,6.85
IREN,2026-08-21,2026-12-18,C,49.0,123,7,0.9858399853515626,6.4,6.15,6.45
IREN,2026-08-21,2026-12-18,C,50.0,5543,47,0.9877930908203125,6.04,5.85,6.25
IREN,2026-08-21,2026-12-18,C,55.0,3397,65,0.9953613745117188,4.9,4.8,5.1
IREN,2026-08-21,2026-12-18,C,60.0,14914,118,1.0024463940429689,4.04,3.95,4.2
IREN,2026-08-21,2026-12-18,C,65.0,8049,10,1.0063526245117185,3.38,3.2,3.5
IREN,2026-08-21,2026-12-18,C,70.0,12115,43,1.0222216857910156,2.8,2.72,3.0
IREN,2026-08-21,2026-12-18,C,75.0,5998,25,1.0261279162597656,2.3,2.24,2.53
IREN,2026-08-21,2026-12-18,C,80.0,5529,7,1.040043862304688,1.94,1.96,2.17
IREN,2026-08-21,2026-12-18,C,85.0,3031,114,1.0388231652832034,1.71,1.57,1.86
IREN,2026-08-21,2026-12-18,C,90.0,1441,13,1.0407762805175786,1.72,1.28,1.61
IREN,2026-08-21,2026-12-18,C,95.0,858,3,1.0502977172851562,1.46,1.02,1.5
IREN,2026-08-21,2026-12-18,C,100.0,5229,5,1.0649460815429688,1.08,1.04,1.22
IREN,2026-08-21,2026-12-18,C,105.0,978,6,1.0742233789062503,1.1,0.88,1.12
IREN,2026-08-21,2026-12-18,C,110.0,3864,2,1.0693405908203126,0.87,0.69,0.98
IREN,2026-08-21,2026-12-18,C,115.0,177,2,1.080571003417969,0.75,0.52,0.99
IREN,2026-08-21,2026-12-18,C,120.0,4060,1,1.1123091259765625,0.7,0.6,0.91
IREN,2026-08-21,2026-12-18,C,125.0,305,4,1.083988955078125,0.55,0.4,0.74
IREN,2026-08-21,2026-12-18,C,130.0,998,75,1.1030318286132816,0.69,0.32,0.77
IREN,2026-08-21,2026-12-18,C,135.0,813,3,1.080571003417969,0.43,0.28,0.56
IREN,2026-08-21,2026-12-18,C,140.0,8122,4,1.0830123974609376,0.45,0.22,0.52
IREN,2026-08-21,2026-12-18,P,3.0,8108,1,1.890625546875,0.02,0.0,0.05
IREN,2026-08-21,2026-12-18,P,5.0,9714,2,1.8007822460937497,0.01,0.0,0.19
IREN,2026-08-21,2026-12-18,P,8.0,12273,3,1.2500037499999999,0.05,0.02,0.07
IREN,2026-08-21,2026-12-18,P,10.0,9971,9,1.12891060546875,0.2,0.0,0.12
IREN,2026-08-21,2026-12-18,P,12.0,746,10,1.0625046875000002,0.1,0.05,0.15
IREN,2026-08-21,2026-12-18,P,15.0,952,1,1.076176494140625,0.31,0.26,0.35
IREN,2026-08-21,2026-12-18,P,17.0,267,3,1.056645341796875,0.49,0.38,0.59
IREN,2026-08-21,2026-12-18,P,20.0,1282,18,1.0180713159179686,0.84,0.76,0.9
IREN,2026-08-21,2026-12-18,P,22.0,1459,11,1.0068409033203123,1.15,1.03,1.32
IREN,2026-08-21,2026-12-18,P,25.0,1731,13,0.983398603515625,1.85,1.67,1.94
IREN,2026-08-21,2026-12-18,P,27.0,458,39,0.9816896362304688,2.32,2.28,2.5
IREN,2026-08-21,2026-12-18,P,30.0,2800,34,0.98437515625,3.45,3.45,3.5
IREN,2026-08-21,2026-12-18,P,31.0,741,4,0.9729006616210938,3.8,3.7,3.9
IREN,2026-08-21,2026-12-18,P,32.0,469,22,0.9768068725585939,4.2,4.2,4.3
IREN,2026-08-21,2026-12-18,P,33.0,2347,5,0.9741213525390625,4.65,4.6,4.75
IREN,2026-08-21,2026-12-18,P,34.0,311,24,0.9719241088867188,5.15,5.05,5.2
IREN,2026-08-21,2026-12-18,P,35.0,21197,56,0.9702151416015624,5.55,5.5,5.7
IREN,2026-08-21,2026-12-18,P,36.0,254,21,0.9663089306640625,6.03,5.95,6.2
IREN,2026-08-21,2026-12-18,P,37.0,333,3,0.9719241088867188,6.7,6.5,6.8
IREN,2026-08-21,2026-12-18,P,38.0,4521,78,0.9750979052734375,7.2,7.2,7.25
IREN,2026-08-21,2026-12-18,P,39.0,305,35,0.9645999633789062,7.7,7.6,7.8
IREN,2026-08-21,2026-12-18,P,40.0,4294,31,0.9692385888671875,8.3,8.25,8.4
IREN,2026-08-21,2026-12-18,P,41.0,331,19,0.9577640942382811,8.81,8.65,9.0
IREN,2026-08-21,2026-12-18,P,42.0,1001,3,0.96679720703125,8.91,9.35,9.7
IREN,2026-08-21,2026-12-18,P,43.0,191,4,0.9711916943359374,10.0,10.1,10.3
IREN,2026-08-21,2026-12-18,P,44.0,165,2,0.9490971887207031,11.0,10.4,10.9
IREN,2026-08-21,2026-12-18,P,45.0,4412,3,0.9555668505859375,11.25,11.15,11.6
IREN,2026-08-21,2026-12-18,P,46.0,153,1,0.9467778759765625,11.27,11.7,12.25
IREN,2026-08-21,2026-12-18,P,47.0,490,11,0.94726615234375,10.35,12.4,12.95
IREN,2026-08-21,2026-12-18,P,48.0,223,1,0.9489751196289062,13.11,13.15,13.65
IREN,2026-08-21,2026-12-18,P,49.0,756,4,0.9494633959960936,13.35,13.85,14.4
IREN,2026-08-21,2026-12-18,P,50.0,1530,6,0.9592289233398437,14.7,14.75,15.15
IREN,2026-08-21,2026-12-18,P,55.0,980,5,0.9575199560546874,18.75,18.55,19.0
IREN,2026-08-21,2026-12-18,P,60.0,7069,20,0.96289099609375,23.18,22.7,23.1
IREN,2026-08-21,2026-12-18,P,65.0,763,3,0.9606937524414061,27.5,26.65,27.65
IREN,2026-08-21,2026-12-18,P,70.0,4790,11,0.9543461596679688,31.1,30.95,32.1
IREN,2026-08-21,2026-12-18,P,75.0,479,14,0.9672854833984376,32.76,35.6,36.7
IREN,2026-08-21,2026-12-18,P,80.0,3158,1,0.9960937890625,49.54,40.15,41.75
IREN,2026-08-21,2026-12-18,P,85.0,479,135,0.9521489160156249,50.38,44.85,45.95
IREN,2026-08-21,2026-12-18,P,90.0,277,13,0.9960937890625,54.95,49.6,51.15
IREN,2026-08-21,2026-12-18,P,95.0,143,1,1.0615281298828125,49.45,54.95,56.0
IREN,2026-08-21,2026-12-18,P,100.0,73,2,1.033452098388672,56.73,59.25,61.05
IREN,2026-08-21,2026-12-18,P,105.0,94,1,0.9941406835937501,65.92,64.15,65.55
IREN,2026-08-21,2026-12-18,P,110.0,99,1,0.9985351708984375,70.77,68.85,70.65
IREN,2026-08-21,2026-12-18,P,125.0,10,0,1.015629921875,85.19,84.05,85.05
